tub,treatment,frequency,leq_test,leq_ambient,Leq
1,Loud,0,-21.84,-22.98,1.14
1,Loud,10,-15.91,-17.1,1.19
1,Loud,20,-16.07,-17.34,1.27
1,Loud,30,-16.31,-17.7,1.39
1,Loud,40,-16.62,-18.18,1.56
1,Loud,50,-17.01,-18.78,1.77
1,Loud,60,-17.47,-19.51,2.04
1,Loud,70,-17.99,-20.37,2.38
1,Loud,80,-18.57,-21.35,2.78
1,Loud,90,-19.2,-22.48,3.28
1,Loud,100,-19.87,-23.73,3.86
1,Loud,110,-20.59,-25.14,4.55
1,Loud,120,-21.33,-26.68,5.35
1,Loud,130,-22.08,-28.39,6.31
1,Loud,140,-22.83,-30.25,7.42
1,Loud,150,-23.55,-32.29,8.74
1,Loud,160,-24.2,-34.51,10.31
1,Loud,170,-24.77,-36.91,12.14
1,Loud,180,-25.2,-39.52,14.32
1,Loud,190,-25.46,-42.33,16.87
1,Loud,200,-25.56,-45.34,19.78
1,Loud,210,-25.5,-48.52,23.02
1,Loud,220,-25.32,-51.77,26.45
1,Loud,230,-25.06,-54.82,29.76
1,Loud,240,-24.76,-57.28,32.52
1,Loud,250,-24.46,-58.9,34.44
1,Loud,260,-24.17,-59.83,35.66
1,Loud,270,-23.92,-60.43,36.51
1,Loud,280,-23.72,-60.96,37.24
1,Loud,290,-23.57,-61.53,37.96
1,Loud,300,-23.48,-62.18,38.7
1,Loud,310,-23.46,-62.9,39.44
1,Loud,320,-23.5,-63.71,40.21
1,Loud,330,-23.61,-64.59,40.98
1,Loud,340,-23.77,-65.52,41.75
1,Loud,350,-24.01,-66.47,42.46
1,Loud,360,-24.3,-67.43,43.13
1,Loud,370,-24.64,-68.35,43.71
1,Loud,380,-25.05,-69.18,44.13
1,Loud,390,-25.5,-69.91,44.41
1,Loud,400,-26,-70.5,44.5
1,Loud,410,-26.54,-70.96,44.42
1,Loud,420,-27.12,-71.32,44.2
1,Loud,430,-27.72,-71.59,43.87
1,Loud,440,-28.33,-71.81,43.48
1,Loud,450,-28.94,-72.01,43.07
1,Loud,460,-29.55,-72.2,42.65
1,Loud,470,-30.13,-72.39,42.26
1,Loud,480,-30.68,-72.58,41.9
1,Loud,490,-31.19,-72.78,41.59
1,Loud,500,-31.66,-72.98,41.32
1,Loud,510,-32.09,-73.18,41.09
1,Loud,520,-32.5,-73.37,40.87
1,Loud,530,-32.89,-73.55,40.66
1,Loud,540,-33.29,-73.72,40.43
1,Loud,550,-33.7,-73.87,40.17
1,Loud,560,-34.13,-74,39.87
1,Loud,570,-34.6,-74.14,39.54
1,Loud,580,-35.1,-74.26,39.16
1,Loud,590,-35.64,-74.4,38.76
1,Loud,600,-36.21,-74.54,38.33
1,Loud,610,-36.8,-74.7,37.9
1,Loud,620,-37.38,-74.87,37.49
1,Loud,630,-37.95,-75.07,37.12
1,Loud,640,-38.47,-75.29,36.82
1,Loud,650,-38.92,-75.52,36.6
1,Loud,660,-39.3,-75.78,36.48
1,Loud,670,-39.6,-76.06,36.46
1,Loud,680,-39.84,-76.34,36.5
1,Loud,690,-40.03,-76.63,36.6
1,Loud,700,-40.2,-76.92,36.72
1,Loud,710,-40.36,-77.21,36.85
1,Loud,720,-40.54,-77.48,36.94
1,Loud,730,-40.75,-77.74,36.99
1,Loud,740,-40.99,-77.98,36.99
1,Loud,750,-41.26,-78.2,36.94
1,Loud,760,-41.57,-78.39,36.82
1,Loud,770,-41.91,-78.56,36.65
1,Loud,780,-42.27,-78.69,36.42
1,Loud,790,-42.64,-78.81,36.17
1,Loud,800,-43.03,-78.9,35.87
1,Loud,810,-43.42,-78.96,35.54
1,Loud,820,-43.82,-79.02,35.2
1,Loud,830,-44.22,-79.05,34.83
1,Loud,840,-44.63,-79.08,34.45
1,Loud,850,-45.06,-79.09,34.03
1,Loud,860,-45.5,-79.1,33.6
1,Loud,870,-45.98,-79.11,33.13
1,Loud,880,-46.49,-79.11,32.62
1,Loud,890,-47.03,-79.11,32.08
1,Loud,900,-47.61,-79.11,31.5
1,Loud,910,-48.23,-79.11,30.88
1,Loud,920,-48.88,-79.1,30.22
1,Loud,930,-49.54,-79.09,29.55
1,Loud,940,-50.22,-79.08,28.86
1,Loud,950,-50.88,-79.07,28.19
1,Loud,960,-51.53,-79.06,27.53
1,Loud,970,-52.15,-79.05,26.9
1,Loud,980,-52.72,-79.05,26.33
1,Loud,990,-53.26,-79.05,25.79
1,Loud,1000,-53.76,-79.06,25.3
1,Loud,1010,-54.23,-79.08,24.85
1,Loud,1020,-54.69,-79.11,24.42
1,Loud,1030,-55.14,-79.15,24.01
1,Loud,1040,-55.6,-79.2,23.6
1,Loud,1050,-56.08,-79.26,23.18
1,Loud,1060,-56.58,-79.32,22.74
1,Loud,1070,-57.1,-79.4,22.3
1,Loud,1080,-57.64,-79.48,21.84
1,Loud,1090,-58.2,-79.55,21.35
1,Loud,1100,-58.77,-79.63,20.86
1,Loud,1110,-59.33,-79.7,20.37
1,Loud,1120,-59.88,-79.76,19.88
1,Loud,1130,-60.4,-79.82,19.42
1,Loud,1140,-60.88,-79.86,18.98
1,Loud,1150,-61.32,-79.89,18.57
1,Loud,1160,-61.7,-79.92,18.22
1,Loud,1170,-62.04,-79.93,17.89
1,Loud,1180,-62.33,-79.94,17.61
1,Loud,1190,-62.57,-79.94,17.37
1,Loud,1200,-62.77,-79.95,17.18
1,Loud,1210,-62.95,-79.95,17
1,Loud,1220,-63.09,-79.95,16.86
1,Loud,1230,-63.21,-79.95,16.74
1,Loud,1240,-63.32,-79.96,16.64
1,Loud,1250,-63.4,-79.96,16.56
1,Loud,1260,-63.47,-79.97,16.5
1,Loud,1270,-63.53,-79.98,16.45
1,Loud,1280,-63.57,-79.98,16.41
1,Loud,1290,-63.61,-79.98,16.37
1,Loud,1300,-63.65,-79.97,16.32
1,Loud,1310,-63.7,-79.97,16.27
1,Loud,1320,-63.76,-79.95,16.19
1,Loud,1330,-63.85,-79.94,16.09
1,Loud,1340,-63.97,-79.93,15.96
1,Loud,1350,-64.12,-79.92,15.8
1,Loud,1360,-64.32,-79.91,15.59
1,Loud,1370,-64.57,-79.92,15.35
1,Loud,1380,-64.88,-79.93,15.05
1,Loud,1390,-65.23,-79.95,14.72
1,Loud,1400,-65.65,-79.98,14.33
1,Loud,1410,-66.11,-80.01,13.9
1,Loud,1420,-66.63,-80.05,13.42
1,Loud,1430,-67.2,-80.09,12.89
1,Loud,1440,-67.81,-80.13,12.32
1,Loud,1450,-68.45,-80.17,11.72
1,Loud,1460,-69.11,-80.2,11.09
1,Loud,1470,-69.77,-80.22,10.45
1,Loud,1480,-70.44,-80.24,9.8
1,Loud,1490,-71.08,-80.24,9.16
1,Loud,1500,-71.7,-80.25,8.55
1,Loud,1510,-72.27,-80.24,7.97
1,Loud,1520,-72.81,-80.23,7.42
1,Loud,1530,-73.3,-80.22,6.92
1,Loud,1540,-73.74,-80.2,6.46
1,Loud,1550,-74.12,-80.18,6.06
1,Loud,1560,-74.44,-80.17,5.73
1,Loud,1570,-74.68,-80.15,5.47
1,Loud,1580,-74.85,-80.13,5.28
1,Loud,1590,-74.93,-80.12,5.19
1,Loud,1600,-74.94,-80.11,5.17
1,Loud,1610,-74.86,-80.11,5.25
1,Loud,1620,-74.73,-80.11,5.38
1,Loud,1630,-74.56,-80.12,5.56
1,Loud,1640,-74.37,-80.13,5.76
1,Loud,1650,-74.16,-80.16,6
1,Loud,1660,-73.97,-80.19,6.22
1,Loud,1670,-73.79,-80.23,6.44
1,Loud,1680,-73.63,-80.28,6.65
1,Loud,1690,-73.49,-80.33,6.84
1,Loud,1700,-73.37,-80.39,7.02
1,Loud,1710,-73.27,-80.46,7.19
1,Loud,1720,-73.17,-80.53,7.36
1,Loud,1730,-73.08,-80.6,7.52
1,Loud,1740,-72.99,-80.68,7.69
1,Loud,1750,-72.88,-80.75,7.87
1,Loud,1760,-72.77,-80.82,8.05
1,Loud,1770,-72.65,-80.89,8.24
1,Loud,1780,-72.52,-80.95,8.43
1,Loud,1790,-72.4,-81.01,8.61
1,Loud,1800,-72.29,-81.06,8.77
1,Loud,1810,-72.21,-81.11,8.9
1,Loud,1820,-72.16,-81.16,9
1,Loud,1830,-72.14,-81.2,9.06
1,Loud,1840,-72.17,-81.25,9.08
1,Loud,1850,-72.24,-81.3,9.06
1,Loud,1860,-72.36,-81.35,8.99
1,Loud,1870,-72.52,-81.41,8.89
1,Loud,1880,-72.71,-81.47,8.76
1,Loud,1890,-72.93,-81.53,8.6
1,Loud,1900,-73.16,-81.59,8.43
1,Loud,1910,-73.39,-81.65,8.26
1,Loud,1920,-73.59,-81.72,8.13
1,Loud,1930,-73.76,-81.77,8.01
1,Loud,1940,-73.88,-81.82,7.94
1,Loud,1950,-73.95,-81.87,7.92
1,Loud,1960,-73.96,-81.91,7.95
1,Loud,1970,-73.93,-81.95,8.02
1,Loud,1980,-73.86,-81.99,8.13
1,Loud,1990,-73.77,-82.03,8.26
1,Quiet,0,-24.3,-22.98,-1.32
1,Quiet,10,-18.42,-17.1,-1.32
1,Quiet,20,-18.66,-17.34,-1.32
1,Quiet,30,-19.02,-17.7,-1.32
1,Quiet,40,-19.5,-18.18,-1.32
1,Quiet,50,-20.1,-18.78,-1.32
1,Quiet,60,-20.83,-19.51,-1.32
1,Quiet,70,-21.69,-20.37,-1.32
1,Quiet,80,-22.68,-21.35,-1.33
1,Quiet,90,-23.8,-22.48,-1.32
1,Quiet,100,-25.06,-23.73,-1.33
1,Quiet,110,-26.46,-25.14,-1.32
1,Quiet,120,-28.01,-26.68,-1.33
1,Quiet,130,-29.72,-28.39,-1.33
1,Quiet,140,-31.59,-30.25,-1.34
1,Quiet,150,-33.63,-32.29,-1.34
1,Quiet,160,-35.85,-34.51,-1.34
1,Quiet,170,-38.26,-36.91,-1.35
1,Quiet,180,-40.87,-39.52,-1.35
1,Quiet,190,-43.68,-42.33,-1.35
1,Quiet,200,-46.71,-45.34,-1.37
1,Quiet,210,-49.89,-48.52,-1.37
1,Quiet,220,-53.14,-51.77,-1.37
1,Quiet,230,-56.18,-54.82,-1.36
1,Quiet,240,-58.62,-57.28,-1.34
1,Quiet,250,-60.2,-58.9,-1.3
1,Quiet,260,-61.09,-59.83,-1.26
1,Quiet,270,-61.67,-60.43,-1.24
1,Quiet,280,-62.18,-60.96,-1.22
1,Quiet,290,-62.73,-61.53,-1.2
1,Quiet,300,-63.36,-62.18,-1.18
1,Quiet,310,-64.07,-62.9,-1.17
1,Quiet,320,-64.85,-63.71,-1.14
1,Quiet,330,-65.69,-64.59,-1.1
1,Quiet,340,-66.57,-65.52,-1.05
1,Quiet,350,-67.46,-66.47,-0.99
1,Quiet,360,-68.35,-67.43,-0.92
1,Quiet,370,-69.2,-68.35,-0.85
1,Quiet,380,-69.97,-69.18,-0.79
1,Quiet,390,-70.64,-69.91,-0.73
1,Quiet,400,-71.21,-70.5,-0.71
1,Quiet,410,-71.67,-70.96,-0.71
1,Quiet,420,-72.04,-71.32,-0.72
1,Quiet,430,-72.34,-71.59,-0.75
1,Quiet,440,-72.61,-71.81,-0.8
1,Quiet,450,-72.85,-72.01,-0.84
1,Quiet,460,-73.09,-72.2,-0.89
1,Quiet,470,-73.33,-72.39,-0.94
1,Quiet,480,-73.58,-72.58,-1
1,Quiet,490,-73.84,-72.78,-1.06
1,Quiet,500,-74.1,-72.98,-1.12
1,Quiet,510,-74.36,-73.18,-1.18
1,Quiet,520,-74.6,-73.37,-1.23
1,Quiet,530,-74.82,-73.55,-1.27
1,Quiet,540,-75.01,-73.72,-1.29
1,Quiet,550,-75.18,-73.87,-1.31
1,Quiet,560,-75.31,-74,-1.31
1,Quiet,570,-75.42,-74.14,-1.28
1,Quiet,580,-75.52,-74.26,-1.26
1,Quiet,590,-75.62,-74.4,-1.22
1,Quiet,600,-75.73,-74.54,-1.19
1,Quiet,610,-75.86,-74.7,-1.16
1,Quiet,620,-76.02,-74.87,-1.15
1,Quiet,630,-76.22,-75.07,-1.15
1,Quiet,640,-76.45,-75.29,-1.16
1,Quiet,650,-76.73,-75.52,-1.21
1,Quiet,660,-77.04,-75.78,-1.26
1,Quiet,670,-77.39,-76.06,-1.33
1,Quiet,680,-77.78,-76.34,-1.44
1,Quiet,690,-78.18,-76.63,-1.55
1,Quiet,700,-78.6,-76.92,-1.68
1,Quiet,710,-79.01,-77.21,-1.8
1,Quiet,720,-79.42,-77.48,-1.94
1,Quiet,730,-79.79,-77.74,-2.05
1,Quiet,740,-80.13,-77.98,-2.15
1,Quiet,750,-80.41,-78.2,-2.21
1,Quiet,760,-80.64,-78.39,-2.25
1,Quiet,770,-80.82,-78.56,-2.26
1,Quiet,780,-80.93,-78.69,-2.24
1,Quiet,790,-81.01,-78.81,-2.2
1,Quiet,800,-81.04,-78.9,-2.14
1,Quiet,810,-81.04,-78.96,-2.08
1,Quiet,820,-81.02,-79.02,-2
1,Quiet,830,-80.99,-79.05,-1.94
1,Quiet,840,-80.95,-79.08,-1.87
1,Quiet,850,-80.91,-79.09,-1.82
1,Quiet,860,-80.87,-79.1,-1.77
1,Quiet,870,-80.83,-79.11,-1.72
1,Quiet,880,-80.8,-79.11,-1.69
1,Quiet,890,-80.78,-79.11,-1.67
1,Quiet,900,-80.77,-79.11,-1.66
1,Quiet,910,-80.76,-79.11,-1.65
1,Quiet,920,-80.75,-79.1,-1.65
1,Quiet,930,-80.75,-79.09,-1.66
1,Quiet,940,-80.74,-79.08,-1.66
1,Quiet,950,-80.74,-79.07,-1.67
1,Quiet,960,-80.73,-79.06,-1.67
1,Quiet,970,-80.72,-79.05,-1.67
1,Quiet,980,-80.71,-79.05,-1.66
1,Quiet,990,-80.69,-79.05,-1.64
1,Quiet,1000,-80.68,-79.06,-1.62
1,Quiet,1010,-80.66,-79.08,-1.58
1,Quiet,1020,-80.64,-79.11,-1.53
1,Quiet,1030,-80.63,-79.15,-1.48
1,Quiet,1040,-80.61,-79.2,-1.41
1,Quiet,1050,-80.6,-79.26,-1.34
1,Quiet,1060,-80.59,-79.32,-1.27
1,Quiet,1070,-80.58,-79.4,-1.18
1,Quiet,1080,-80.57,-79.48,-1.09
1,Quiet,1090,-80.56,-79.55,-1.01
1,Quiet,1100,-80.55,-79.63,-0.92
1,Quiet,1110,-80.54,-79.7,-0.84
1,Quiet,1120,-80.53,-79.76,-0.77
1,Quiet,1130,-80.52,-79.82,-0.7
1,Quiet,1140,-80.51,-79.86,-0.65
1,Quiet,1150,-80.5,-79.89,-0.61
1,Quiet,1160,-80.5,-79.92,-0.58
1,Quiet,1170,-80.49,-79.93,-0.56
1,Quiet,1180,-80.49,-79.94,-0.55
1,Quiet,1190,-80.49,-79.94,-0.55
1,Quiet,1200,-80.49,-79.95,-0.54
1,Quiet,1210,-80.5,-79.95,-0.55
1,Quiet,1220,-80.52,-79.95,-0.57
1,Quiet,1230,-80.53,-79.95,-0.58
1,Quiet,1240,-80.56,-79.96,-0.6
1,Quiet,1250,-80.6,-79.96,-0.64
1,Quiet,1260,-80.65,-79.97,-0.68
1,Quiet,1270,-80.71,-79.98,-0.73
1,Quiet,1280,-80.78,-79.98,-0.8
1,Quiet,1290,-80.87,-79.98,-0.89
1,Quiet,1300,-80.96,-79.97,-0.99
1,Quiet,1310,-81.07,-79.97,-1.1
1,Quiet,1320,-81.19,-79.95,-1.24
1,Quiet,1330,-81.3,-79.94,-1.36
1,Quiet,1340,-81.42,-79.93,-1.49
1,Quiet,1350,-81.53,-79.92,-1.61
1,Quiet,1360,-81.63,-79.91,-1.72
1,Quiet,1370,-81.72,-79.92,-1.8
1,Quiet,1380,-81.78,-79.93,-1.85
1,Quiet,1390,-81.83,-79.95,-1.88
1,Quiet,1400,-81.84,-79.98,-1.86
1,Quiet,1410,-81.84,-80.01,-1.83
1,Quiet,1420,-81.81,-80.05,-1.76
1,Quiet,1430,-81.76,-80.09,-1.67
1,Quiet,1440,-81.7,-80.13,-1.57
1,Quiet,1450,-81.63,-80.17,-1.46
1,Quiet,1460,-81.55,-80.2,-1.35
1,Quiet,1470,-81.46,-80.22,-1.24
1,Quiet,1480,-81.37,-80.24,-1.13
1,Quiet,1490,-81.28,-80.24,-1.04
1,Quiet,1500,-81.19,-80.25,-0.94
1,Quiet,1510,-81.1,-80.24,-0.86
1,Quiet,1520,-81.02,-80.23,-0.79
1,Quiet,1530,-80.93,-80.22,-0.71
1,Quiet,1540,-80.85,-80.2,-0.65
1,Quiet,1550,-80.77,-80.18,-0.59
1,Quiet,1560,-80.68,-80.17,-0.51
1,Quiet,1570,-80.6,-80.15,-0.45
1,Quiet,1580,-80.51,-80.13,-0.38
1,Quiet,1590,-80.42,-80.12,-0.3
1,Quiet,1600,-80.33,-80.11,-0.22
1,Quiet,1610,-80.23,-80.11,-0.12
1,Quiet,1620,-80.14,-80.11,-0.03
1,Quiet,1630,-80.05,-80.12,0.07
1,Quiet,1640,-79.97,-80.13,0.16
1,Quiet,1650,-79.9,-80.16,0.26
1,Quiet,1660,-79.84,-80.19,0.35
1,Quiet,1670,-79.81,-80.23,0.42
1,Quiet,1680,-79.79,-80.28,0.49
1,Quiet,1690,-79.79,-80.33,0.54
1,Quiet,1700,-79.81,-80.39,0.58
1,Quiet,1710,-79.85,-80.46,0.61
1,Quiet,1720,-79.91,-80.53,0.62
1,Quiet,1730,-79.98,-80.6,0.62
1,Quiet,1740,-80.06,-80.68,0.62
1,Quiet,1750,-80.14,-80.75,0.61
1,Quiet,1760,-80.22,-80.82,0.6
1,Quiet,1770,-80.3,-80.89,0.59
1,Quiet,1780,-80.37,-80.95,0.58
1,Quiet,1790,-80.44,-81.01,0.57
1,Quiet,1800,-80.5,-81.06,0.56
1,Quiet,1810,-80.55,-81.11,0.56
1,Quiet,1820,-80.6,-81.16,0.56
1,Quiet,1830,-80.65,-81.2,0.55
1,Quiet,1840,-80.7,-81.25,0.55
1,Quiet,1850,-80.76,-81.3,0.54
1,Quiet,1860,-80.82,-81.35,0.53
1,Quiet,1870,-80.89,-81.41,0.52
1,Quiet,1880,-80.97,-81.47,0.5
1,Quiet,1890,-81.05,-81.53,0.48
1,Quiet,1900,-81.13,-81.59,0.46
1,Quiet,1910,-81.2,-81.65,0.45
1,Quiet,1920,-81.27,-81.72,0.45
1,Quiet,1930,-81.32,-81.77,0.45
1,Quiet,1940,-81.36,-81.82,0.46
1,Quiet,1950,-81.38,-81.87,0.49
1,Quiet,1960,-81.38,-81.91,0.53
1,Quiet,1970,-81.36,-81.95,0.59
1,Quiet,1980,-81.33,-81.99,0.66
1,Quiet,1990,-81.3,-82.03,0.73
2,Loud,0,-18.71,-19.1,0.39
2,Loud,10,-12.81,-13.21,0.4
2,Loud,20,-13.03,-13.45,0.42
2,Loud,30,-13.35,-13.81,0.46
2,Loud,40,-13.78,-14.29,0.51
2,Loud,50,-14.32,-14.9,0.58
2,Loud,60,-14.97,-15.63,0.66
2,Loud,70,-15.72,-16.48,0.76
2,Loud,80,-16.57,-17.47,0.9
2,Loud,90,-17.52,-18.59,1.07
2,Loud,100,-18.55,-19.85,1.3
2,Loud,110,-19.63,-21.25,1.62
2,Loud,120,-20.75,-22.8,2.05
2,Loud,130,-21.84,-24.5,2.66
2,Loud,140,-22.83,-26.37,3.54
2,Loud,150,-23.63,-28.4,4.77
2,Loud,160,-24.19,-30.62,6.43
2,Loud,170,-24.47,-33.02,8.55
2,Loud,180,-24.53,-35.63,11.1
2,Loud,190,-24.42,-38.45,14.03
2,Loud,200,-24.23,-41.48,17.25
2,Loud,210,-24.02,-44.72,20.7
2,Loud,220,-23.83,-48.1,24.27
2,Loud,230,-23.68,-51.45,27.77
2,Loud,240,-23.59,-54.45,30.86
2,Loud,250,-23.57,-56.7,33.13
2,Loud,260,-23.62,-58.08,34.46
2,Loud,270,-23.73,-58.9,35.17
2,Loud,280,-23.92,-59.49,35.57
2,Loud,290,-24.18,-60.02,35.84
2,Loud,300,-24.51,-60.57,36.06
2,Loud,310,-24.91,-61.13,36.22
2,Loud,320,-25.37,-61.7,36.33
2,Loud,330,-25.89,-62.27,36.38
2,Loud,340,-26.48,-62.82,36.34
2,Loud,350,-27.13,-63.35,36.22
2,Loud,360,-27.84,-63.83,35.99
2,Loud,370,-28.61,-64.26,35.65
2,Loud,380,-29.43,-64.64,35.21
2,Loud,390,-30.3,-64.96,34.66
2,Loud,400,-31.2,-65.24,34.04
2,Loud,410,-32.14,-65.48,33.34
2,Loud,420,-33.1,-65.7,32.6
2,Loud,430,-34.04,-65.89,31.85
2,Loud,440,-34.95,-66.07,31.12
2,Loud,450,-35.8,-66.24,30.44
2,Loud,460,-36.55,-66.4,29.85
2,Loud,470,-37.19,-66.55,29.36
2,Loud,480,-37.72,-66.7,28.98
2,Loud,490,-38.14,-66.83,28.69
2,Loud,500,-38.47,-66.95,28.48
2,Loud,510,-38.75,-67.05,28.3
2,Loud,520,-39.01,-67.14,28.13
2,Loud,530,-39.27,-67.22,27.95
2,Loud,540,-39.55,-67.29,27.74
2,Loud,550,-39.87,-67.35,27.48
2,Loud,560,-40.25,-67.42,27.17
2,Loud,570,-40.68,-67.51,26.83
2,Loud,580,-41.18,-67.61,26.43
2,Loud,590,-41.76,-67.73,25.97
2,Loud,600,-42.41,-67.88,25.47
2,Loud,610,-43.15,-68.06,24.91
2,Loud,620,-43.96,-68.27,24.31
2,Loud,630,-44.86,-68.51,23.65
2,Loud,640,-45.83,-68.78,22.95
2,Loud,650,-46.88,-69.06,22.18
2,Loud,660,-48.01,-69.36,21.35
2,Loud,670,-49.19,-69.66,20.47
2,Loud,680,-50.42,-69.97,19.55
2,Loud,690,-51.68,-70.27,18.59
2,Loud,700,-52.93,-70.55,17.62
2,Loud,710,-54.14,-70.81,16.67
2,Loud,720,-55.27,-71.05,15.78
2,Loud,730,-56.28,-71.27,14.99
2,Loud,740,-57.11,-71.46,14.35
2,Loud,750,-57.76,-71.63,13.87
2,Loud,760,-58.23,-71.79,13.56
2,Loud,770,-58.54,-71.93,13.39
2,Loud,780,-58.72,-72.06,13.34
2,Loud,790,-58.81,-72.19,13.38
2,Loud,800,-58.85,-72.3,13.45
2,Loud,810,-58.87,-72.42,13.55
2,Loud,820,-58.88,-72.52,13.64
2,Loud,830,-58.92,-72.63,13.71
2,Loud,840,-58.98,-72.74,13.76
2,Loud,850,-59.07,-72.84,13.77
2,Loud,860,-59.2,-72.94,13.74
2,Loud,870,-59.36,-73.04,13.68
2,Loud,880,-59.56,-73.14,13.58
2,Loud,890,-59.79,-73.23,13.44
2,Loud,900,-60.04,-73.32,13.28
2,Loud,910,-60.3,-73.42,13.12
2,Loud,920,-60.58,-73.5,12.92
2,Loud,930,-60.85,-73.59,12.74
2,Loud,940,-61.11,-73.67,12.56
2,Loud,950,-61.37,-73.76,12.39
2,Loud,960,-61.62,-73.84,12.22
2,Loud,970,-61.87,-73.92,12.05
2,Loud,980,-62.1,-74,11.9
2,Loud,990,-62.34,-74.08,11.74
2,Loud,1000,-62.58,-74.16,11.58
2,Loud,1010,-62.83,-74.24,11.41
2,Loud,1020,-63.08,-74.32,11.24
2,Loud,1030,-63.35,-74.4,11.05
2,Loud,1040,-63.63,-74.48,10.85
2,Loud,1050,-63.93,-74.57,10.64
2,Loud,1060,-64.24,-74.65,10.41
2,Loud,1070,-64.56,-74.74,10.18
2,Loud,1080,-64.88,-74.82,9.94
2,Loud,1090,-65.22,-74.9,9.68
2,Loud,1100,-65.56,-74.97,9.41
2,Loud,1110,-65.89,-75.05,9.16
2,Loud,1120,-66.22,-75.11,8.89
2,Loud,1130,-66.55,-75.18,8.63
2,Loud,1140,-66.85,-75.23,8.38
2,Loud,1150,-67.14,-75.29,8.15
2,Loud,1160,-67.41,-75.33,7.92
2,Loud,1170,-67.65,-75.37,7.72
2,Loud,1180,-67.87,-75.41,7.54
2,Loud,1190,-68.07,-75.44,7.37
2,Loud,1200,-68.24,-75.47,7.23
2,Loud,1210,-68.4,-75.49,7.09
2,Loud,1220,-68.52,-75.52,7
2,Loud,1230,-68.63,-75.54,6.91
2,Loud,1240,-68.71,-75.56,6.85
2,Loud,1250,-68.77,-75.59,6.82
2,Loud,1260,-68.8,-75.61,6.81
2,Loud,1270,-68.81,-75.63,6.82
2,Loud,1280,-68.78,-75.66,6.88
2,Loud,1290,-68.73,-75.69,6.96
2,Loud,1300,-68.65,-75.72,7.07
2,Loud,1310,-68.55,-75.76,7.21
2,Loud,1320,-68.44,-75.8,7.36
2,Loud,1330,-68.31,-75.84,7.53
2,Loud,1340,-68.18,-75.89,7.71
2,Loud,1350,-68.06,-75.94,7.88
2,Loud,1360,-67.94,-75.99,8.05
2,Loud,1370,-67.84,-76.05,8.21
2,Loud,1380,-67.76,-76.11,8.35
2,Loud,1390,-67.69,-76.17,8.48
2,Loud,1400,-67.65,-76.24,8.59
2,Loud,1410,-67.61,-76.3,8.69
2,Loud,1420,-67.59,-76.36,8.77
2,Loud,1430,-67.55,-76.41,8.86
2,Loud,1440,-67.51,-76.46,8.95
2,Loud,1450,-67.44,-76.51,9.07
2,Loud,1460,-67.35,-76.55,9.2
2,Loud,1470,-67.21,-76.58,9.37
2,Loud,1480,-67.03,-76.61,9.58
2,Loud,1490,-66.82,-76.64,9.82
2,Loud,1500,-66.57,-76.65,10.08
2,Loud,1510,-66.3,-76.67,10.37
2,Loud,1520,-66.03,-76.68,10.65
2,Loud,1530,-65.75,-76.69,10.94
2,Loud,1540,-65.48,-76.69,11.21
2,Loud,1550,-65.23,-76.7,11.47
2,Loud,1560,-65.01,-76.7,11.69
2,Loud,1570,-64.81,-76.7,11.89
2,Loud,1580,-64.65,-76.7,12.05
2,Loud,1590,-64.51,-76.7,12.19
2,Loud,1600,-64.41,-76.7,12.29
2,Loud,1610,-64.33,-76.7,12.37
2,Loud,1620,-64.27,-76.7,12.43
2,Loud,1630,-64.23,-76.69,12.46
2,Loud,1640,-64.19,-76.69,12.5
2,Loud,1650,-64.15,-76.68,12.53
2,Loud,1660,-64.1,-76.68,12.58
2,Loud,1670,-64.03,-76.67,12.64
2,Loud,1680,-63.93,-76.67,12.74
2,Loud,1690,-63.8,-76.66,12.86
2,Loud,1700,-63.63,-76.66,13.03
2,Loud,1710,-63.43,-76.66,13.23
2,Loud,1720,-63.19,-76.66,13.47
2,Loud,1730,-62.94,-76.66,13.72
2,Loud,1740,-62.68,-76.67,13.99
2,Loud,1750,-62.41,-76.68,14.27
2,Loud,1760,-62.14,-76.7,14.56
2,Loud,1770,-61.9,-76.71,14.81
2,Loud,1780,-61.68,-76.73,15.05
2,Loud,1790,-61.48,-76.75,15.27
2,Loud,1800,-61.33,-76.77,15.44
2,Loud,1810,-61.21,-76.79,15.58
2,Loud,1820,-61.14,-76.8,15.66
2,Loud,1830,-61.11,-76.82,15.71
2,Loud,1840,-61.14,-76.83,15.69
2,Loud,1850,-61.21,-76.83,15.62
2,Loud,1860,-61.32,-76.84,15.52
2,Loud,1870,-61.49,-76.84,15.35
2,Loud,1880,-61.71,-76.84,15.13
2,Loud,1890,-61.98,-76.84,14.86
2,Loud,1900,-62.3,-76.84,14.54
2,Loud,1910,-62.66,-76.84,14.18
2,Loud,1920,-63.06,-76.85,13.79
2,Loud,1930,-63.51,-76.86,13.35
2,Loud,1940,-63.99,-76.87,12.88
2,Loud,1950,-64.5,-76.89,12.39
2,Loud,1960,-65.04,-76.92,11.88
2,Loud,1970,-65.59,-76.95,11.36
2,Loud,1980,-66.14,-76.99,10.85
2,Loud,1990,-66.68,-77.02,10.34
2,Quiet,0,-18.6,-19.1,0.5
2,Quiet,10,-12.71,-13.21,0.5
2,Quiet,20,-12.95,-13.45,0.5
2,Quiet,30,-13.31,-13.81,0.5
2,Quiet,40,-13.79,-14.29,0.5
2,Quiet,50,-14.39,-14.9,0.51
2,Quiet,60,-15.12,-15.63,0.51
2,Quiet,70,-15.98,-16.48,0.5
2,Quiet,80,-16.96,-17.47,0.51
2,Quiet,90,-18.08,-18.59,0.51
2,Quiet,100,-19.34,-19.85,0.51
2,Quiet,110,-20.74,-21.25,0.51
2,Quiet,120,-22.29,-22.8,0.51
2,Quiet,130,-23.99,-24.5,0.51
2,Quiet,140,-25.85,-26.37,0.52
2,Quiet,150,-27.89,-28.4,0.51
2,Quiet,160,-30.1,-30.62,0.52
2,Quiet,170,-32.5,-33.02,0.52
2,Quiet,180,-35.1,-35.63,0.53
2,Quiet,190,-37.91,-38.45,0.54
2,Quiet,200,-40.92,-41.48,0.56
2,Quiet,210,-44.12,-44.72,0.6
2,Quiet,220,-47.43,-48.1,0.67
2,Quiet,230,-50.67,-51.45,0.78
2,Quiet,240,-53.5,-54.45,0.95
2,Quiet,250,-55.57,-56.7,1.13
2,Quiet,260,-56.85,-58.08,1.23
2,Quiet,270,-57.64,-58.9,1.26
2,Quiet,280,-58.24,-59.49,1.25
2,Quiet,290,-58.78,-60.02,1.24
2,Quiet,300,-59.32,-60.57,1.25
2,Quiet,310,-59.87,-61.13,1.26
2,Quiet,320,-60.41,-61.7,1.29
2,Quiet,330,-60.95,-62.27,1.32
2,Quiet,340,-61.46,-62.82,1.36
2,Quiet,350,-61.93,-63.35,1.42
2,Quiet,360,-62.36,-63.83,1.47
2,Quiet,370,-62.74,-64.26,1.52
2,Quiet,380,-63.07,-64.64,1.57
2,Quiet,390,-63.36,-64.96,1.6
2,Quiet,400,-63.61,-65.24,1.63
2,Quiet,410,-63.84,-65.48,1.64
2,Quiet,420,-64.04,-65.7,1.66
2,Quiet,430,-64.23,-65.89,1.66
2,Quiet,440,-64.42,-66.07,1.65
2,Quiet,450,-64.59,-66.24,1.65
2,Quiet,460,-64.77,-66.4,1.63
2,Quiet,470,-64.95,-66.55,1.6
2,Quiet,480,-65.12,-66.7,1.58
2,Quiet,490,-65.28,-66.83,1.55
2,Quiet,500,-65.44,-66.95,1.51
2,Quiet,510,-65.59,-67.05,1.46
2,Quiet,520,-65.73,-67.14,1.41
2,Quiet,530,-65.86,-67.22,1.36
2,Quiet,540,-65.98,-67.29,1.31
2,Quiet,550,-66.1,-67.35,1.25
2,Quiet,560,-66.22,-67.42,1.2
2,Quiet,570,-66.34,-67.51,1.17
2,Quiet,580,-66.46,-67.61,1.15
2,Quiet,590,-66.6,-67.73,1.13
2,Quiet,600,-66.76,-67.88,1.12
2,Quiet,610,-66.93,-68.06,1.13
2,Quiet,620,-67.11,-68.27,1.16
2,Quiet,630,-67.31,-68.51,1.2
2,Quiet,640,-67.53,-68.78,1.25
2,Quiet,650,-67.75,-69.06,1.31
2,Quiet,660,-67.98,-69.36,1.38
2,Quiet,670,-68.22,-69.66,1.44
2,Quiet,680,-68.45,-69.97,1.52
2,Quiet,690,-68.67,-70.27,1.6
2,Quiet,700,-68.89,-70.55,1.66
2,Quiet,710,-69.1,-70.81,1.71
2,Quiet,720,-69.29,-71.05,1.76
2,Quiet,730,-69.48,-71.27,1.79
2,Quiet,740,-69.65,-71.46,1.81
2,Quiet,750,-69.81,-71.63,1.82
2,Quiet,760,-69.96,-71.79,1.83
2,Quiet,770,-70.1,-71.93,1.83
2,Quiet,780,-70.23,-72.06,1.83
2,Quiet,790,-70.36,-72.19,1.83
2,Quiet,800,-70.48,-72.3,1.82
2,Quiet,810,-70.6,-72.42,1.82
2,Quiet,820,-70.71,-72.52,1.81
2,Quiet,830,-70.83,-72.63,1.8
2,Quiet,840,-70.93,-72.74,1.81
2,Quiet,850,-71.04,-72.84,1.8
2,Quiet,860,-71.14,-72.94,1.8
2,Quiet,870,-71.24,-73.04,1.8
2,Quiet,880,-71.33,-73.14,1.81
2,Quiet,890,-71.43,-73.23,1.8
2,Quiet,900,-71.52,-73.32,1.8
2,Quiet,910,-71.61,-73.42,1.81
2,Quiet,920,-71.7,-73.5,1.8
2,Quiet,930,-71.79,-73.59,1.8
2,Quiet,940,-71.88,-73.67,1.79
2,Quiet,950,-71.96,-73.76,1.8
2,Quiet,960,-72.05,-73.84,1.79
2,Quiet,970,-72.14,-73.92,1.78
2,Quiet,980,-72.22,-74,1.78
2,Quiet,990,-72.31,-74.08,1.77
2,Quiet,1000,-72.4,-74.16,1.76
2,Quiet,1010,-72.48,-74.24,1.76
2,Quiet,1020,-72.57,-74.32,1.75
2,Quiet,1030,-72.65,-74.4,1.75
2,Quiet,1040,-72.74,-74.48,1.74
2,Quiet,1050,-72.82,-74.57,1.75
2,Quiet,1060,-72.9,-74.65,1.75
2,Quiet,1070,-72.98,-74.74,1.76
2,Quiet,1080,-73.06,-74.82,1.76
2,Quiet,1090,-73.14,-74.9,1.76
2,Quiet,1100,-73.22,-74.97,1.75
2,Quiet,1110,-73.29,-75.05,1.76
2,Quiet,1120,-73.36,-75.11,1.75
2,Quiet,1130,-73.43,-75.18,1.75
2,Quiet,1140,-73.49,-75.23,1.74
2,Quiet,1150,-73.56,-75.29,1.73
2,Quiet,1160,-73.62,-75.33,1.71
2,Quiet,1170,-73.68,-75.37,1.69
2,Quiet,1180,-73.74,-75.41,1.67
2,Quiet,1190,-73.8,-75.44,1.64
2,Quiet,1200,-73.85,-75.47,1.62
2,Quiet,1210,-73.91,-75.49,1.58
2,Quiet,1220,-73.97,-75.52,1.55
2,Quiet,1230,-74.03,-75.54,1.51
2,Quiet,1240,-74.09,-75.56,1.47
2,Quiet,1250,-74.15,-75.59,1.44
2,Quiet,1260,-74.22,-75.61,1.39
2,Quiet,1270,-74.28,-75.63,1.35
2,Quiet,1280,-74.35,-75.66,1.31
2,Quiet,1290,-74.41,-75.69,1.28
2,Quiet,1300,-74.48,-75.72,1.24
2,Quiet,1310,-74.55,-75.76,1.21
2,Quiet,1320,-74.61,-75.8,1.19
2,Quiet,1330,-74.67,-75.84,1.17
2,Quiet,1340,-74.74,-75.89,1.15
2,Quiet,1350,-74.79,-75.94,1.15
2,Quiet,1360,-74.85,-75.99,1.14
2,Quiet,1370,-74.9,-76.05,1.15
2,Quiet,1380,-74.95,-76.11,1.16
2,Quiet,1390,-75,-76.17,1.17
2,Quiet,1400,-75.05,-76.24,1.19
2,Quiet,1410,-75.1,-76.3,1.2
2,Quiet,1420,-75.15,-76.36,1.21
2,Quiet,1430,-75.2,-76.41,1.21
2,Quiet,1440,-75.25,-76.46,1.21
2,Quiet,1450,-75.3,-76.51,1.21
2,Quiet,1460,-75.36,-76.55,1.19
2,Quiet,1470,-75.41,-76.58,1.17
2,Quiet,1480,-75.46,-76.61,1.15
2,Quiet,1490,-75.51,-76.64,1.13
2,Quiet,1500,-75.56,-76.65,1.09
2,Quiet,1510,-75.6,-76.67,1.07
2,Quiet,1520,-75.64,-76.68,1.04
2,Quiet,1530,-75.67,-76.69,1.02
2,Quiet,1540,-75.71,-76.69,0.98
2,Quiet,1550,-75.73,-76.7,0.97
2,Quiet,1560,-75.76,-76.7,0.94
2,Quiet,1570,-75.78,-76.7,0.92
2,Quiet,1580,-75.8,-76.7,0.9
2,Quiet,1590,-75.83,-76.7,0.87
2,Quiet,1600,-75.85,-76.7,0.85
2,Quiet,1610,-75.88,-76.7,0.82
2,Quiet,1620,-75.9,-76.7,0.8
2,Quiet,1630,-75.93,-76.69,0.76
2,Quiet,1640,-75.97,-76.69,0.72
2,Quiet,1650,-76,-76.68,0.68
2,Quiet,1660,-76.03,-76.68,0.65
2,Quiet,1670,-76.07,-76.67,0.6
2,Quiet,1680,-76.1,-76.67,0.57
2,Quiet,1690,-76.13,-76.66,0.53
2,Quiet,1700,-76.16,-76.66,0.5
2,Quiet,1710,-76.18,-76.66,0.48
2,Quiet,1720,-76.2,-76.66,0.46
2,Quiet,1730,-76.22,-76.66,0.44
2,Quiet,1740,-76.24,-76.67,0.43
2,Quiet,1750,-76.26,-76.68,0.42
2,Quiet,1760,-76.28,-76.7,0.42
2,Quiet,1770,-76.3,-76.71,0.41
2,Quiet,1780,-76.33,-76.73,0.4
2,Quiet,1790,-76.36,-76.75,0.39
2,Quiet,1800,-76.4,-76.77,0.37
2,Quiet,1810,-76.44,-76.79,0.35
2,Quiet,1820,-76.48,-76.8,0.32
2,Quiet,1830,-76.53,-76.82,0.29
2,Quiet,1840,-76.58,-76.83,0.25
2,Quiet,1850,-76.64,-76.83,0.19
2,Quiet,1860,-76.7,-76.84,0.14
2,Quiet,1870,-76.76,-76.84,0.08
2,Quiet,1880,-76.82,-76.84,0.02
2,Quiet,1890,-76.88,-76.84,-0.04
2,Quiet,1900,-76.94,-76.84,-0.1
2,Quiet,1910,-77,-76.84,-0.16
2,Quiet,1920,-77.06,-76.85,-0.21
2,Quiet,1930,-77.12,-76.86,-0.26
2,Quiet,1940,-77.17,-76.87,-0.3
2,Quiet,1950,-77.23,-76.89,-0.34
2,Quiet,1960,-77.28,-76.92,-0.36
2,Quiet,1970,-77.33,-76.95,-0.38
2,Quiet,1980,-77.38,-76.99,-0.39
2,Quiet,1990,-77.42,-77.02,-0.4
3,Loud,0,-23.64,-26.14,2.5
3,Loud,10,-17.65,-20.25,2.6
3,Loud,20,-17.71,-20.49,2.78
3,Loud,30,-17.79,-20.84,3.05
3,Loud,40,-17.91,-21.31,3.4
3,Loud,50,-18.05,-21.9,3.85
3,Loud,60,-18.21,-22.6,4.39
3,Loud,70,-18.4,-23.44,5.04
3,Loud,80,-18.62,-24.4,5.78
3,Loud,90,-18.87,-25.48,6.61
3,Loud,100,-19.14,-26.7,7.56
3,Loud,110,-19.43,-28.06,8.63
3,Loud,120,-19.73,-29.56,9.83
3,Loud,130,-20.04,-31.2,11.16
3,Loud,140,-20.35,-32.99,12.64
3,Loud,150,-20.64,-34.93,14.29
3,Loud,160,-20.9,-37.04,16.14
3,Loud,170,-21.12,-39.3,18.18
3,Loud,180,-21.3,-41.72,20.42
3,Loud,190,-21.44,-44.27,22.83
3,Loud,200,-21.56,-46.92,25.36
3,Loud,210,-21.66,-49.58,27.92
3,Loud,220,-21.78,-52.07,30.29
3,Loud,230,-21.92,-54.21,32.29
3,Loud,240,-22.11,-55.84,33.73
3,Loud,250,-22.35,-56.99,34.64
3,Loud,260,-22.66,-57.82,35.16
3,Loud,270,-23.03,-58.5,35.47
3,Loud,280,-23.48,-59.15,35.67
3,Loud,290,-24,-59.82,35.82
3,Loud,300,-24.6,-60.55,35.95
3,Loud,310,-25.27,-61.32,36.05
3,Loud,320,-26.01,-62.16,36.15
3,Loud,330,-26.82,-63.06,36.24
3,Loud,340,-27.68,-64.02,36.34
3,Loud,350,-28.61,-65.02,36.41
3,Loud,360,-29.57,-66.05,36.48
3,Loud,370,-30.58,-67.11,36.53
3,Loud,380,-31.62,-68.16,36.54
3,Loud,390,-32.68,-69.17,36.49
3,Loud,400,-33.74,-70.09,36.35
3,Loud,410,-34.79,-70.88,36.09
3,Loud,420,-35.81,-71.51,35.7
3,Loud,430,-36.76,-71.95,35.19
3,Loud,440,-37.63,-72.22,34.59
3,Loud,450,-38.36,-72.36,34
3,Loud,460,-38.94,-72.41,33.47
3,Loud,470,-39.35,-72.41,33.06
3,Loud,480,-39.6,-72.38,32.78
3,Loud,490,-39.71,-72.36,32.65
3,Loud,500,-39.72,-72.35,32.63
3,Loud,510,-39.66,-72.36,32.7
3,Loud,520,-39.57,-72.4,32.83
3,Loud,530,-39.49,-72.46,32.97
3,Loud,540,-39.42,-72.54,33.12
3,Loud,550,-39.39,-72.65,33.26
3,Loud,560,-39.41,-72.78,33.37
3,Loud,570,-39.47,-72.93,33.46
3,Loud,580,-39.59,-73.12,33.53
3,Loud,590,-39.76,-73.34,33.58
3,Loud,600,-39.98,-73.59,33.61
3,Loud,610,-40.25,-73.87,33.62
3,Loud,620,-40.57,-74.2,33.63
3,Loud,630,-40.94,-74.55,33.61
3,Loud,640,-41.36,-74.94,33.58
3,Loud,650,-41.82,-75.36,33.54
3,Loud,660,-42.33,-75.79,33.46
3,Loud,670,-42.87,-76.22,33.35
3,Loud,680,-43.46,-76.66,33.2
3,Loud,690,-44.08,-77.08,33
3,Loud,700,-44.73,-77.48,32.75
3,Loud,710,-45.4,-77.84,32.44
3,Loud,720,-46.09,-78.17,32.08
3,Loud,730,-46.8,-78.46,31.66
3,Loud,740,-47.5,-78.71,31.21
3,Loud,750,-48.21,-78.92,30.71
3,Loud,760,-48.91,-79.11,30.2
3,Loud,770,-49.61,-79.27,29.66
3,Loud,780,-50.3,-79.41,29.11
3,Loud,790,-50.99,-79.53,28.54
3,Loud,800,-51.68,-79.64,27.96
3,Loud,810,-52.38,-79.73,27.35
3,Loud,820,-53.09,-79.81,26.72
3,Loud,830,-53.82,-79.87,26.05
3,Loud,840,-54.58,-79.93,25.35
3,Loud,850,-55.35,-79.97,24.62
3,Loud,860,-56.15,-80.01,23.86
3,Loud,870,-56.97,-80.03,23.06
3,Loud,880,-57.81,-80.05,22.24
3,Loud,890,-58.65,-80.06,21.41
3,Loud,900,-59.48,-80.07,20.59
3,Loud,910,-60.3,-80.07,19.77
3,Loud,920,-61.08,-80.07,18.99
3,Loud,930,-61.78,-80.07,18.29
3,Loud,940,-62.38,-80.07,17.69
3,Loud,950,-62.83,-80.07,17.24
3,Loud,960,-63.07,-80.08,17.01
3,Loud,970,-63.09,-80.09,17
3,Loud,980,-62.89,-80.1,17.21
3,Loud,990,-62.5,-80.13,17.63
3,Loud,1000,-61.97,-80.16,18.19
3,Loud,1010,-61.37,-80.2,18.83
3,Loud,1020,-60.73,-80.25,19.52
3,Loud,1030,-60.11,-80.31,20.2
3,Loud,1040,-59.52,-80.37,20.85
3,Loud,1050,-58.98,-80.44,21.46
3,Loud,1060,-58.5,-80.51,22.01
3,Loud,1070,-58.09,-80.58,22.49
3,Loud,1080,-57.75,-80.64,22.89
3,Loud,1090,-57.49,-80.7,23.21
3,Loud,1100,-57.3,-80.76,23.46
3,Loud,1110,-57.19,-80.81,23.62
3,Loud,1120,-57.15,-80.86,23.71
3,Loud,1130,-57.18,-80.89,23.71
3,Loud,1140,-57.28,-80.93,23.65
3,Loud,1150,-57.46,-80.96,23.5
3,Loud,1160,-57.69,-80.99,23.3
3,Loud,1170,-58,-81.01,23.01
3,Loud,1180,-58.36,-81.04,22.68
3,Loud,1190,-58.78,-81.06,22.28
3,Loud,1200,-59.25,-81.08,21.83
3,Loud,1210,-59.76,-81.09,21.33
3,Loud,1220,-60.31,-81.1,20.79
3,Loud,1230,-60.88,-81.11,20.23
3,Loud,1240,-61.46,-81.11,19.65
3,Loud,1250,-62.02,-81.12,19.1
3,Loud,1260,-62.54,-81.12,18.58
3,Loud,1270,-62.99,-81.13,18.14
3,Loud,1280,-63.36,-81.14,17.78
3,Loud,1290,-63.62,-81.16,17.54
3,Loud,1300,-63.78,-81.19,17.41
3,Loud,1310,-63.85,-81.23,17.38
3,Loud,1320,-63.84,-81.28,17.44
3,Loud,1330,-63.8,-81.35,17.55
3,Loud,1340,-63.74,-81.43,17.69
3,Loud,1350,-63.68,-81.52,17.84
3,Loud,1360,-63.64,-81.63,17.99
3,Loud,1370,-63.64,-81.75,18.11
3,Loud,1380,-63.68,-81.89,18.21
3,Loud,1390,-63.77,-82.03,18.26
3,Loud,1400,-63.91,-82.19,18.28
3,Loud,1410,-64.11,-82.35,18.24
3,Loud,1420,-64.36,-82.53,18.17
3,Loud,1430,-64.67,-82.71,18.04
3,Loud,1440,-65.02,-82.89,17.87
3,Loud,1450,-65.41,-83.07,17.66
3,Loud,1460,-65.85,-83.25,17.4
3,Loud,1470,-66.32,-83.42,17.1
3,Loud,1480,-66.81,-83.59,16.78
3,Loud,1490,-67.32,-83.75,16.43
3,Loud,1500,-67.83,-83.9,16.07
3,Loud,1510,-68.34,-84.04,15.7
3,Loud,1520,-68.84,-84.17,15.33
3,Loud,1530,-69.31,-84.29,14.98
3,Loud,1540,-69.74,-84.4,14.66
3,Loud,1550,-70.13,-84.51,14.38
3,Loud,1560,-70.46,-84.6,14.14
3,Loud,1570,-70.74,-84.69,13.95
3,Loud,1580,-70.96,-84.77,13.81
3,Loud,1590,-71.11,-84.85,13.74
3,Loud,1600,-71.2,-84.93,13.73
3,Loud,1610,-71.23,-85,13.77
3,Loud,1620,-71.2,-85.07,13.87
3,Loud,1630,-71.12,-85.14,14.02
3,Loud,1640,-71.01,-85.21,14.2
3,Loud,1650,-70.88,-85.28,14.4
3,Loud,1660,-70.73,-85.35,14.62
3,Loud,1670,-70.59,-85.43,14.84
3,Loud,1680,-70.45,-85.51,15.06
3,Loud,1690,-70.32,-85.6,15.28
3,Loud,1700,-70.21,-85.7,15.49
3,Loud,1710,-70.11,-85.8,15.69
3,Loud,1720,-70.01,-85.9,15.89
3,Loud,1730,-69.92,-86.01,16.09
3,Loud,1740,-69.82,-86.12,16.3
3,Loud,1750,-69.7,-86.22,16.52
3,Loud,1760,-69.57,-86.31,16.74
3,Loud,1770,-69.41,-86.39,16.98
3,Loud,1780,-69.23,-86.45,17.22
3,Loud,1790,-69.03,-86.5,17.47
3,Loud,1800,-68.82,-86.52,17.7
3,Loud,1810,-68.6,-86.53,17.93
3,Loud,1820,-68.4,-86.52,18.12
3,Loud,1830,-68.21,-86.5,18.29
3,Loud,1840,-68.04,-86.47,18.43
3,Loud,1850,-67.91,-86.44,18.53
3,Loud,1860,-67.82,-86.4,18.58
3,Loud,1870,-67.77,-86.37,18.6
3,Loud,1880,-67.76,-86.34,18.58
3,Loud,1890,-67.81,-86.32,18.51
3,Loud,1900,-67.89,-86.31,18.42
3,Loud,1910,-68.02,-86.32,18.3
3,Loud,1920,-68.18,-86.33,18.15
3,Loud,1930,-68.37,-86.36,17.99
3,Loud,1940,-68.57,-86.4,17.83
3,Loud,1950,-68.78,-86.45,17.67
3,Loud,1960,-68.99,-86.51,17.52
3,Loud,1970,-69.17,-86.58,17.41
3,Loud,1980,-69.34,-86.64,17.3
3,Loud,1990,-69.47,-86.71,17.24
3,Quiet,0,-25.94,-26.14,0.2
3,Quiet,10,-20.05,-20.25,0.2
3,Quiet,20,-20.28,-20.49,0.21
3,Quiet,30,-20.62,-20.84,0.22
3,Quiet,40,-21.09,-21.31,0.22
3,Quiet,50,-21.67,-21.9,0.23
3,Quiet,60,-22.37,-22.6,0.23
3,Quiet,70,-23.2,-23.44,0.24
3,Quiet,80,-24.15,-24.4,0.25
3,Quiet,90,-25.23,-25.48,0.25
3,Quiet,100,-26.43,-26.7,0.27
3,Quiet,110,-27.78,-28.06,0.28
3,Quiet,120,-29.26,-29.56,0.3
3,Quiet,130,-30.88,-31.2,0.32
3,Quiet,140,-32.65,-32.99,0.34
3,Quiet,150,-34.57,-34.93,0.36
3,Quiet,160,-36.65,-37.04,0.39
3,Quiet,170,-38.89,-39.3,0.41
3,Quiet,180,-41.28,-41.72,0.44
3,Quiet,190,-43.81,-44.27,0.46
3,Quiet,200,-46.45,-46.92,0.47
3,Quiet,210,-49.11,-49.58,0.47
3,Quiet,220,-51.66,-52.07,0.41
3,Quiet,230,-53.88,-54.21,0.33
3,Quiet,240,-55.63,-55.84,0.21
3,Quiet,250,-56.88,-56.99,0.11
3,Quiet,260,-57.79,-57.82,0.03
3,Quiet,270,-58.52,-58.5,-0.02
3,Quiet,280,-59.2,-59.15,-0.05
3,Quiet,290,-59.91,-59.82,-0.09
3,Quiet,300,-60.66,-60.55,-0.11
3,Quiet,310,-61.47,-61.32,-0.15
3,Quiet,320,-62.35,-62.16,-0.19
3,Quiet,330,-63.29,-63.06,-0.23
3,Quiet,340,-64.27,-64.02,-0.25
3,Quiet,350,-65.3,-65.02,-0.28
3,Quiet,360,-66.36,-66.05,-0.31
3,Quiet,370,-67.41,-67.11,-0.3
3,Quiet,380,-68.42,-68.16,-0.26
3,Quiet,390,-69.35,-69.17,-0.18
3,Quiet,400,-70.16,-70.09,-0.07
3,Quiet,410,-70.81,-70.88,0.07
3,Quiet,420,-71.27,-71.51,0.24
3,Quiet,430,-71.56,-71.95,0.39
3,Quiet,440,-71.71,-72.22,0.51
3,Quiet,450,-71.76,-72.36,0.6
3,Quiet,460,-71.74,-72.41,0.67
3,Quiet,470,-71.7,-72.41,0.71
3,Quiet,480,-71.65,-72.38,0.73
3,Quiet,490,-71.6,-72.36,0.76
3,Quiet,500,-71.58,-72.35,0.77
3,Quiet,510,-71.57,-72.36,0.79
3,Quiet,520,-71.59,-72.4,0.81
3,Quiet,530,-71.62,-72.46,0.84
3,Quiet,540,-71.68,-72.54,0.86
3,Quiet,550,-71.75,-72.65,0.9
3,Quiet,560,-71.84,-72.78,0.94
3,Quiet,570,-71.96,-72.93,0.97
3,Quiet,580,-72.1,-73.12,1.02
3,Quiet,590,-72.27,-73.34,1.07
3,Quiet,600,-72.47,-73.59,1.12
3,Quiet,610,-72.7,-73.87,1.17
3,Quiet,620,-72.96,-74.2,1.24
3,Quiet,630,-73.25,-74.55,1.3
3,Quiet,640,-73.56,-74.94,1.38
3,Quiet,650,-73.88,-75.36,1.48
3,Quiet,660,-74.21,-75.79,1.58
3,Quiet,670,-74.53,-76.22,1.69
3,Quiet,680,-74.83,-76.66,1.83
3,Quiet,690,-75.11,-77.08,1.97
3,Quiet,700,-75.35,-77.48,2.13
3,Quiet,710,-75.56,-77.84,2.28
3,Quiet,720,-75.73,-78.17,2.44
3,Quiet,730,-75.87,-78.46,2.59
3,Quiet,740,-75.97,-78.71,2.74
3,Quiet,750,-76.06,-78.92,2.86
3,Quiet,760,-76.13,-79.11,2.98
3,Quiet,770,-76.18,-79.27,3.09
3,Quiet,780,-76.23,-79.41,3.18
3,Quiet,790,-76.27,-79.53,3.26
3,Quiet,800,-76.31,-79.64,3.33
3,Quiet,810,-76.33,-79.73,3.4
3,Quiet,820,-76.36,-79.81,3.45
3,Quiet,830,-76.37,-79.87,3.5
3,Quiet,840,-76.39,-79.93,3.54
3,Quiet,850,-76.4,-79.97,3.57
3,Quiet,860,-76.41,-80.01,3.6
3,Quiet,870,-76.43,-80.03,3.6
3,Quiet,880,-76.44,-80.05,3.61
3,Quiet,890,-76.46,-80.06,3.6
3,Quiet,900,-76.49,-80.07,3.58
3,Quiet,910,-76.52,-80.07,3.55
3,Quiet,920,-76.55,-80.07,3.52
3,Quiet,930,-76.59,-80.07,3.48
3,Quiet,940,-76.63,-80.07,3.44
3,Quiet,950,-76.67,-80.07,3.4
3,Quiet,960,-76.7,-80.08,3.38
3,Quiet,970,-76.74,-80.09,3.35
3,Quiet,980,-76.77,-80.1,3.33
3,Quiet,990,-76.8,-80.13,3.33
3,Quiet,1000,-76.82,-80.16,3.34
3,Quiet,1010,-76.83,-80.2,3.37
3,Quiet,1020,-76.85,-80.25,3.4
3,Quiet,1030,-76.86,-80.31,3.45
3,Quiet,1040,-76.87,-80.37,3.5
3,Quiet,1050,-76.88,-80.44,3.56
3,Quiet,1060,-76.91,-80.51,3.6
3,Quiet,1070,-76.93,-80.58,3.65
3,Quiet,1080,-76.97,-80.64,3.67
3,Quiet,1090,-77.02,-80.7,3.68
3,Quiet,1100,-77.07,-80.76,3.69
3,Quiet,1110,-77.13,-80.81,3.68
3,Quiet,1120,-77.2,-80.86,3.66
3,Quiet,1130,-77.27,-80.89,3.62
3,Quiet,1140,-77.34,-80.93,3.59
3,Quiet,1150,-77.41,-80.96,3.55
3,Quiet,1160,-77.47,-80.99,3.52
3,Quiet,1170,-77.53,-81.01,3.48
3,Quiet,1180,-77.58,-81.04,3.46
3,Quiet,1190,-77.62,-81.06,3.44
3,Quiet,1200,-77.65,-81.08,3.43
3,Quiet,1210,-77.68,-81.09,3.41
3,Quiet,1220,-77.71,-81.1,3.39
3,Quiet,1230,-77.73,-81.11,3.38
3,Quiet,1240,-77.76,-81.11,3.35
3,Quiet,1250,-77.79,-81.12,3.33
3,Quiet,1260,-77.82,-81.12,3.3
3,Quiet,1270,-77.86,-81.13,3.27
3,Quiet,1280,-77.91,-81.14,3.23
3,Quiet,1290,-77.97,-81.16,3.19
3,Quiet,1300,-78.04,-81.19,3.15
3,Quiet,1310,-78.11,-81.23,3.12
3,Quiet,1320,-78.18,-81.28,3.1
3,Quiet,1330,-78.25,-81.35,3.1
3,Quiet,1340,-78.32,-81.43,3.11
3,Quiet,1350,-78.39,-81.52,3.13
3,Quiet,1360,-78.45,-81.63,3.18
3,Quiet,1370,-78.5,-81.75,3.25
3,Quiet,1380,-78.54,-81.89,3.35
3,Quiet,1390,-78.58,-82.03,3.45
3,Quiet,1400,-78.61,-82.19,3.58
3,Quiet,1410,-78.64,-82.35,3.71
3,Quiet,1420,-78.67,-82.53,3.86
3,Quiet,1430,-78.71,-82.71,4
3,Quiet,1440,-78.76,-82.89,4.13
3,Quiet,1450,-78.81,-83.07,4.26
3,Quiet,1460,-78.88,-83.25,4.37
3,Quiet,1470,-78.96,-83.42,4.46
3,Quiet,1480,-79.04,-83.59,4.55
3,Quiet,1490,-79.14,-83.75,4.61
3,Quiet,1500,-79.24,-83.9,4.66
3,Quiet,1510,-79.34,-84.04,4.7
3,Quiet,1520,-79.44,-84.17,4.73
3,Quiet,1530,-79.54,-84.29,4.75
3,Quiet,1540,-79.64,-84.4,4.76
3,Quiet,1550,-79.72,-84.51,4.79
3,Quiet,1560,-79.8,-84.6,4.8
3,Quiet,1570,-79.86,-84.69,4.83
3,Quiet,1580,-79.92,-84.77,4.85
3,Quiet,1590,-79.96,-84.85,4.89
3,Quiet,1600,-80,-84.93,4.93
3,Quiet,1610,-80.03,-85,4.97
3,Quiet,1620,-80.05,-85.07,5.02
3,Quiet,1630,-80.08,-85.14,5.06
3,Quiet,1640,-80.1,-85.21,5.11
3,Quiet,1650,-80.12,-85.28,5.16
3,Quiet,1660,-80.15,-85.35,5.2
3,Quiet,1670,-80.17,-85.43,5.26
3,Quiet,1680,-80.2,-85.51,5.31
3,Quiet,1690,-80.23,-85.6,5.37
3,Quiet,1700,-80.27,-85.7,5.43
3,Quiet,1710,-80.31,-85.8,5.49
3,Quiet,1720,-80.36,-85.9,5.54
3,Quiet,1730,-80.41,-86.01,5.6
3,Quiet,1740,-80.47,-86.12,5.65
3,Quiet,1750,-80.53,-86.22,5.69
3,Quiet,1760,-80.6,-86.31,5.71
3,Quiet,1770,-80.67,-86.39,5.72
3,Quiet,1780,-80.75,-86.45,5.7
3,Quiet,1790,-80.84,-86.5,5.66
3,Quiet,1800,-80.92,-86.52,5.6
3,Quiet,1810,-81,-86.53,5.53
3,Quiet,1820,-81.08,-86.52,5.44
3,Quiet,1830,-81.15,-86.5,5.35
3,Quiet,1840,-81.21,-86.47,5.26
3,Quiet,1850,-81.26,-86.44,5.18
3,Quiet,1860,-81.29,-86.4,5.11
3,Quiet,1870,-81.32,-86.37,5.05
3,Quiet,1880,-81.34,-86.34,5
3,Quiet,1890,-81.36,-86.32,4.96
3,Quiet,1900,-81.38,-86.31,4.93
3,Quiet,1910,-81.41,-86.32,4.91
3,Quiet,1920,-81.44,-86.33,4.89
3,Quiet,1930,-81.48,-86.36,4.88
3,Quiet,1940,-81.53,-86.4,4.87
3,Quiet,1950,-81.6,-86.45,4.85
3,Quiet,1960,-81.68,-86.51,4.83
3,Quiet,1970,-81.78,-86.58,4.8
3,Quiet,1980,-81.88,-86.64,4.76
3,Quiet,1990,-82,-86.71,4.71
4,Loud,0,-16.76,-19.21,2.45
4,Loud,10,-10.85,-13.32,2.47
4,Loud,20,-11.06,-13.55,2.49
4,Loud,30,-11.38,-13.91,2.53
4,Loud,40,-11.8,-14.38,2.58
4,Loud,50,-12.32,-14.98,2.66
4,Loud,60,-12.95,-15.7,2.75
4,Loud,70,-13.69,-16.54,2.85
4,Loud,80,-14.54,-17.51,2.97
4,Loud,90,-15.5,-18.62,3.12
4,Loud,100,-16.57,-19.85,3.28
4,Loud,110,-17.75,-21.23,3.48
4,Loud,120,-19.04,-22.75,3.71
4,Loud,130,-20.42,-24.43,4.01
4,Loud,140,-21.9,-26.26,4.36
4,Loud,150,-23.43,-28.25,4.82
4,Loud,160,-24.97,-30.42,5.45
4,Loud,170,-26.45,-32.77,6.32
4,Loud,180,-27.74,-35.32,7.58
4,Loud,190,-28.72,-38.07,9.35
4,Loud,200,-29.34,-41.04,11.7
4,Loud,210,-29.61,-44.22,14.61
4,Loud,220,-29.64,-47.59,17.95
4,Loud,230,-29.55,-51.03,21.48
4,Loud,240,-29.41,-54.32,24.91
4,Loud,250,-29.3,-57.02,27.72
4,Loud,260,-29.23,-58.82,29.59
4,Loud,270,-29.24,-59.84,30.6
4,Loud,280,-29.31,-60.47,31.16
4,Loud,290,-29.47,-60.97,31.5
4,Loud,300,-29.71,-61.48,31.77
4,Loud,310,-30.02,-62.02,32
4,Loud,320,-30.41,-62.6,32.19
4,Loud,330,-30.88,-63.22,32.34
4,Loud,340,-31.4,-63.86,32.46
4,Loud,350,-31.99,-64.5,32.51
4,Loud,360,-32.62,-65.13,32.51
4,Loud,370,-33.29,-65.72,32.43
4,Loud,380,-33.97,-66.26,32.29
4,Loud,390,-34.67,-66.73,32.06
4,Loud,400,-35.35,-67.13,31.78
4,Loud,410,-36.02,-67.45,31.43
4,Loud,420,-36.66,-67.72,31.06
4,Loud,430,-37.25,-67.94,30.69
4,Loud,440,-37.81,-68.14,30.33
4,Loud,450,-38.32,-68.32,30
4,Loud,460,-38.78,-68.5,29.72
4,Loud,470,-39.2,-68.68,29.48
4,Loud,480,-39.58,-68.88,29.3
4,Loud,490,-39.91,-69.09,29.18
4,Loud,500,-40.19,-69.31,29.12
4,Loud,510,-40.43,-69.55,29.12
4,Loud,520,-40.62,-69.79,29.17
4,Loud,530,-40.78,-70.04,29.26
4,Loud,540,-40.92,-70.29,29.37
4,Loud,550,-41.04,-70.54,29.5
4,Loud,560,-41.17,-70.78,29.61
4,Loud,570,-41.32,-71.01,29.69
4,Loud,580,-41.49,-71.24,29.75
4,Loud,590,-41.71,-71.46,29.75
4,Loud,600,-41.98,-71.68,29.7
4,Loud,610,-42.31,-71.89,29.58
4,Loud,620,-42.71,-72.09,29.38
4,Loud,630,-43.18,-72.29,29.11
4,Loud,640,-43.72,-72.49,28.77
4,Loud,650,-44.34,-72.68,28.34
4,Loud,660,-45.03,-72.86,27.83
4,Loud,670,-45.79,-73.04,27.25
4,Loud,680,-46.61,-73.21,26.6
4,Loud,690,-47.48,-73.37,25.89
4,Loud,700,-48.39,-73.52,25.13
4,Loud,710,-49.31,-73.67,24.36
4,Loud,720,-50.21,-73.8,23.59
4,Loud,730,-51.07,-73.93,22.86
4,Loud,740,-51.86,-74.06,22.2
4,Loud,750,-52.55,-74.18,21.63
4,Loud,760,-53.12,-74.29,21.17
4,Loud,770,-53.58,-74.41,20.83
4,Loud,780,-53.93,-74.52,20.59
4,Loud,790,-54.21,-74.62,20.41
4,Loud,800,-54.43,-74.73,20.3
4,Loud,810,-54.61,-74.84,20.23
4,Loud,820,-54.78,-74.94,20.16
4,Loud,830,-54.95,-75.04,20.09
4,Loud,840,-55.13,-75.13,20
4,Loud,850,-55.32,-75.23,19.91
4,Loud,860,-55.52,-75.32,19.8
4,Loud,870,-55.72,-75.4,19.68
4,Loud,880,-55.93,-75.48,19.55
4,Loud,890,-56.12,-75.56,19.44
4,Loud,900,-56.3,-75.63,19.33
4,Loud,910,-56.46,-75.7,19.24
4,Loud,920,-56.59,-75.77,19.18
4,Loud,930,-56.7,-75.84,19.14
4,Loud,940,-56.79,-75.9,19.11
4,Loud,950,-56.87,-75.97,19.1
4,Loud,960,-56.94,-76.04,19.1
4,Loud,970,-57.02,-76.1,19.08
4,Loud,980,-57.1,-76.18,19.08
4,Loud,990,-57.2,-76.25,19.05
4,Loud,1000,-57.3,-76.32,19.02
4,Loud,1010,-57.41,-76.4,18.99
4,Loud,1020,-57.52,-76.47,18.95
4,Loud,1030,-57.61,-76.54,18.93
4,Loud,1040,-57.67,-76.6,18.93
4,Loud,1050,-57.69,-76.66,18.97
4,Loud,1060,-57.66,-76.72,19.06
4,Loud,1070,-57.56,-76.77,19.21
4,Loud,1080,-57.39,-76.81,19.42
4,Loud,1090,-57.17,-76.86,19.69
4,Loud,1100,-56.9,-76.89,19.99
4,Loud,1110,-56.6,-76.93,20.33
4,Loud,1120,-56.28,-76.97,20.69
4,Loud,1130,-55.96,-77.01,21.05
4,Loud,1140,-55.66,-77.06,21.4
4,Loud,1150,-55.38,-77.1,21.72
4,Loud,1160,-55.14,-77.16,22.02
4,Loud,1170,-54.94,-77.22,22.28
4,Loud,1180,-54.8,-77.28,22.48
4,Loud,1190,-54.71,-77.34,22.63
4,Loud,1200,-54.67,-77.41,22.74
4,Loud,1210,-54.68,-77.48,22.8
4,Loud,1220,-54.75,-77.55,22.8
4,Loud,1230,-54.86,-77.62,22.76
4,Loud,1240,-55,-77.69,22.69
4,Loud,1250,-55.17,-77.75,22.58
4,Loud,1260,-55.36,-77.8,22.44
4,Loud,1270,-55.55,-77.85,22.3
4,Loud,1280,-55.73,-77.9,22.17
4,Loud,1290,-55.88,-77.94,22.06
4,Loud,1300,-56,-77.97,21.97
4,Loud,1310,-56.07,-78,21.93
4,Loud,1320,-56.11,-78.02,21.91
4,Loud,1330,-56.11,-78.05,21.94
4,Loud,1340,-56.08,-78.07,21.99
4,Loud,1350,-56.03,-78.09,22.06
4,Loud,1360,-55.97,-78.11,22.14
4,Loud,1370,-55.9,-78.12,22.22
4,Loud,1380,-55.84,-78.14,22.3
4,Loud,1390,-55.8,-78.16,22.36
4,Loud,1400,-55.76,-78.17,22.41
4,Loud,1410,-55.74,-78.19,22.45
4,Loud,1420,-55.73,-78.2,22.47
4,Loud,1430,-55.74,-78.22,22.48
4,Loud,1440,-55.75,-78.23,22.48
4,Loud,1450,-55.77,-78.24,22.47
4,Loud,1460,-55.79,-78.26,22.47
4,Loud,1470,-55.82,-78.27,22.45
4,Loud,1480,-55.85,-78.29,22.44
4,Loud,1490,-55.89,-78.32,22.43
4,Loud,1500,-55.95,-78.34,22.39
4,Loud,1510,-56.02,-78.37,22.35
4,Loud,1520,-56.11,-78.39,22.28
4,Loud,1530,-56.22,-78.42,22.2
4,Loud,1540,-56.36,-78.45,22.09
4,Loud,1550,-56.53,-78.47,21.94
4,Loud,1560,-56.72,-78.49,21.77
4,Loud,1570,-56.94,-78.51,21.57
4,Loud,1580,-57.16,-78.52,21.36
4,Loud,1590,-57.4,-78.53,21.13
4,Loud,1600,-57.63,-78.54,20.91
4,Loud,1610,-57.85,-78.55,20.7
4,Loud,1620,-58.05,-78.56,20.51
4,Loud,1630,-58.23,-78.58,20.35
4,Loud,1640,-58.38,-78.59,20.21
4,Loud,1650,-58.49,-78.61,20.12
4,Loud,1660,-58.58,-78.64,20.06
4,Loud,1670,-58.66,-78.66,20
4,Loud,1680,-58.71,-78.68,19.97
4,Loud,1690,-58.76,-78.7,19.94
4,Loud,1700,-58.8,-78.72,19.92
4,Loud,1710,-58.84,-78.73,19.89
4,Loud,1720,-58.88,-78.74,19.86
4,Loud,1730,-58.92,-78.75,19.83
4,Loud,1740,-58.95,-78.76,19.81
4,Loud,1750,-58.98,-78.77,19.79
4,Loud,1760,-58.99,-78.78,19.79
4,Loud,1770,-58.98,-78.79,19.81
4,Loud,1780,-58.95,-78.81,19.86
4,Loud,1790,-58.88,-78.83,19.95
4,Loud,1800,-58.78,-78.85,20.07
4,Loud,1810,-58.65,-78.88,20.23
4,Loud,1820,-58.5,-78.91,20.41
4,Loud,1830,-58.32,-78.94,20.62
4,Loud,1840,-58.13,-78.97,20.84
4,Loud,1850,-57.93,-79.01,21.08
4,Loud,1860,-57.73,-79.04,21.31
4,Loud,1870,-57.55,-79.07,21.52
4,Loud,1880,-57.37,-79.11,21.74
4,Loud,1890,-57.21,-79.14,21.93
4,Loud,1900,-57.08,-79.18,22.1
4,Loud,1910,-56.97,-79.21,22.24
4,Loud,1920,-56.89,-79.24,22.35
4,Loud,1930,-56.85,-79.28,22.43
4,Loud,1940,-56.84,-79.31,22.47
4,Loud,1950,-56.87,-79.34,22.47
4,Loud,1960,-56.94,-79.37,22.43
4,Loud,1970,-57.05,-79.4,22.35
4,Loud,1980,-57.21,-79.43,22.22
4,Loud,1990,-57.4,-79.46,22.06
4,Quiet,0,-18.22,-19.21,0.99
4,Quiet,10,-12.34,-13.32,0.98
4,Quiet,20,-12.57,-13.55,0.98
4,Quiet,30,-12.93,-13.91,0.98
4,Quiet,40,-13.41,-14.38,0.97
4,Quiet,50,-14.01,-14.98,0.97
4,Quiet,60,-14.73,-15.7,0.97
4,Quiet,70,-15.58,-16.54,0.96
4,Quiet,80,-16.55,-17.51,0.96
4,Quiet,90,-17.66,-18.62,0.96
4,Quiet,100,-18.91,-19.85,0.94
4,Quiet,110,-20.29,-21.23,0.94
4,Quiet,120,-21.83,-22.75,0.92
4,Quiet,130,-23.51,-24.43,0.92
4,Quiet,140,-25.35,-26.26,0.91
4,Quiet,150,-27.36,-28.25,0.89
4,Quiet,160,-29.55,-30.42,0.87
4,Quiet,170,-31.92,-32.77,0.85
4,Quiet,180,-34.49,-35.32,0.83
4,Quiet,190,-37.26,-38.07,0.81
4,Quiet,200,-40.25,-41.04,0.79
4,Quiet,210,-43.44,-44.22,0.78
4,Quiet,220,-46.8,-47.59,0.79
4,Quiet,230,-50.2,-51.03,0.83
4,Quiet,240,-53.33,-54.32,0.99
4,Quiet,250,-55.77,-57.02,1.25
4,Quiet,260,-57.31,-58.82,1.51
4,Quiet,270,-58.17,-59.84,1.67
4,Quiet,280,-58.71,-60.47,1.76
4,Quiet,290,-59.17,-60.97,1.8
4,Quiet,300,-59.63,-61.48,1.85
4,Quiet,310,-60.12,-62.02,1.9
4,Quiet,320,-60.64,-62.6,1.96
4,Quiet,330,-61.17,-63.22,2.05
4,Quiet,340,-61.72,-63.86,2.14
4,Quiet,350,-62.27,-64.5,2.23
4,Quiet,360,-62.8,-65.13,2.33
4,Quiet,370,-63.3,-65.72,2.42
4,Quiet,380,-63.76,-66.26,2.5
4,Quiet,390,-64.18,-66.73,2.55
4,Quiet,400,-64.55,-67.13,2.58
4,Quiet,410,-64.87,-67.45,2.58
4,Quiet,420,-65.14,-67.72,2.58
4,Quiet,430,-65.39,-67.94,2.55
4,Quiet,440,-65.61,-68.14,2.53
4,Quiet,450,-65.81,-68.32,2.51
4,Quiet,460,-66.01,-68.5,2.49
4,Quiet,470,-66.2,-68.68,2.48
4,Quiet,480,-66.38,-68.88,2.5
4,Quiet,490,-66.57,-69.09,2.52
4,Quiet,500,-66.76,-69.31,2.55
4,Quiet,510,-66.95,-69.55,2.6
4,Quiet,520,-67.13,-69.79,2.66
4,Quiet,530,-67.32,-70.04,2.72
4,Quiet,540,-67.5,-70.29,2.79
4,Quiet,550,-67.68,-70.54,2.86
4,Quiet,560,-67.86,-70.78,2.92
4,Quiet,570,-68.03,-71.01,2.98
4,Quiet,580,-68.2,-71.24,3.04
4,Quiet,590,-68.37,-71.46,3.09
4,Quiet,600,-68.54,-71.68,3.14
4,Quiet,610,-68.71,-71.89,3.18
4,Quiet,620,-68.88,-72.09,3.21
4,Quiet,630,-69.05,-72.29,3.24
4,Quiet,640,-69.22,-72.49,3.27
4,Quiet,650,-69.38,-72.68,3.3
4,Quiet,660,-69.54,-72.86,3.32
4,Quiet,670,-69.7,-73.04,3.34
4,Quiet,680,-69.86,-73.21,3.35
4,Quiet,690,-70.01,-73.37,3.36
4,Quiet,700,-70.15,-73.52,3.37
4,Quiet,710,-70.3,-73.67,3.37
4,Quiet,720,-70.44,-73.8,3.36
4,Quiet,730,-70.57,-73.93,3.36
4,Quiet,740,-70.7,-74.06,3.36
4,Quiet,750,-70.83,-74.18,3.35
4,Quiet,760,-70.96,-74.29,3.33
4,Quiet,770,-71.08,-74.41,3.33
4,Quiet,780,-71.2,-74.52,3.32
4,Quiet,790,-71.32,-74.62,3.3
4,Quiet,800,-71.43,-74.73,3.3
4,Quiet,810,-71.54,-74.84,3.3
4,Quiet,820,-71.65,-74.94,3.29
4,Quiet,830,-71.75,-75.04,3.29
4,Quiet,840,-71.85,-75.13,3.28
4,Quiet,850,-71.94,-75.23,3.29
4,Quiet,860,-72.04,-75.32,3.28
4,Quiet,870,-72.13,-75.4,3.27
4,Quiet,880,-72.22,-75.48,3.26
4,Quiet,890,-72.31,-75.56,3.25
4,Quiet,900,-72.39,-75.63,3.24
4,Quiet,910,-72.47,-75.7,3.23
4,Quiet,920,-72.56,-75.77,3.21
4,Quiet,930,-72.64,-75.84,3.2
4,Quiet,940,-72.71,-75.9,3.19
4,Quiet,950,-72.79,-75.97,3.18
4,Quiet,960,-72.87,-76.04,3.17
4,Quiet,970,-72.94,-76.1,3.16
4,Quiet,980,-73.01,-76.18,3.17
4,Quiet,990,-73.08,-76.25,3.17
4,Quiet,1000,-73.15,-76.32,3.17
4,Quiet,1010,-73.22,-76.4,3.18
4,Quiet,1020,-73.29,-76.47,3.18
4,Quiet,1030,-73.36,-76.54,3.18
4,Quiet,1040,-73.43,-76.6,3.17
4,Quiet,1050,-73.49,-76.66,3.17
4,Quiet,1060,-73.56,-76.72,3.16
4,Quiet,1070,-73.63,-76.77,3.14
4,Quiet,1080,-73.69,-76.81,3.12
4,Quiet,1090,-73.75,-76.86,3.11
4,Quiet,1100,-73.81,-76.89,3.08
4,Quiet,1110,-73.87,-76.93,3.06
4,Quiet,1120,-73.93,-76.97,3.04
4,Quiet,1130,-73.98,-77.01,3.03
4,Quiet,1140,-74.04,-77.06,3.02
4,Quiet,1150,-74.09,-77.1,3.01
4,Quiet,1160,-74.14,-77.16,3.02
4,Quiet,1170,-74.19,-77.22,3.03
4,Quiet,1180,-74.24,-77.28,3.04
4,Quiet,1190,-74.28,-77.34,3.06
4,Quiet,1200,-74.33,-77.41,3.08
4,Quiet,1210,-74.38,-77.48,3.1
4,Quiet,1220,-74.42,-77.55,3.13
4,Quiet,1230,-74.46,-77.62,3.16
4,Quiet,1240,-74.5,-77.69,3.19
4,Quiet,1250,-74.54,-77.75,3.21
4,Quiet,1260,-74.58,-77.8,3.22
4,Quiet,1270,-74.62,-77.85,3.23
4,Quiet,1280,-74.66,-77.9,3.24
4,Quiet,1290,-74.7,-77.94,3.24
4,Quiet,1300,-74.74,-77.97,3.23
4,Quiet,1310,-74.79,-78,3.21
4,Quiet,1320,-74.83,-78.02,3.19
4,Quiet,1330,-74.88,-78.05,3.17
4,Quiet,1340,-74.93,-78.07,3.14
4,Quiet,1350,-74.98,-78.09,3.11
4,Quiet,1360,-75.03,-78.11,3.08
4,Quiet,1370,-75.08,-78.12,3.04
4,Quiet,1380,-75.12,-78.14,3.02
4,Quiet,1390,-75.16,-78.16,3
4,Quiet,1400,-75.2,-78.17,2.97
4,Quiet,1410,-75.22,-78.19,2.97
4,Quiet,1420,-75.25,-78.2,2.95
4,Quiet,1430,-75.26,-78.22,2.96
4,Quiet,1440,-75.28,-78.23,2.95
4,Quiet,1450,-75.28,-78.24,2.96
4,Quiet,1460,-75.29,-78.26,2.97
4,Quiet,1470,-75.29,-78.27,2.98
4,Quiet,1480,-75.29,-78.29,3
4,Quiet,1490,-75.3,-78.32,3.02
4,Quiet,1500,-75.31,-78.34,3.03
4,Quiet,1510,-75.32,-78.37,3.05
4,Quiet,1520,-75.33,-78.39,3.06
4,Quiet,1530,-75.35,-78.42,3.07
4,Quiet,1540,-75.38,-78.45,3.07
4,Quiet,1550,-75.4,-78.47,3.07
4,Quiet,1560,-75.43,-78.49,3.06
4,Quiet,1570,-75.46,-78.51,3.05
4,Quiet,1580,-75.5,-78.52,3.02
4,Quiet,1590,-75.53,-78.53,3
4,Quiet,1600,-75.57,-78.54,2.97
4,Quiet,1610,-75.6,-78.55,2.95
4,Quiet,1620,-75.63,-78.56,2.93
4,Quiet,1630,-75.67,-78.58,2.91
4,Quiet,1640,-75.7,-78.59,2.89
4,Quiet,1650,-75.73,-78.61,2.88
4,Quiet,1660,-75.75,-78.64,2.89
4,Quiet,1670,-75.78,-78.66,2.88
4,Quiet,1680,-75.8,-78.68,2.88
4,Quiet,1690,-75.82,-78.7,2.88
4,Quiet,1700,-75.83,-78.72,2.89
4,Quiet,1710,-75.84,-78.73,2.89
4,Quiet,1720,-75.85,-78.74,2.89
4,Quiet,1730,-75.86,-78.75,2.89
4,Quiet,1740,-75.87,-78.76,2.89
4,Quiet,1750,-75.88,-78.77,2.89
4,Quiet,1760,-75.89,-78.78,2.89
4,Quiet,1770,-75.91,-78.79,2.88
4,Quiet,1780,-75.93,-78.81,2.88
4,Quiet,1790,-75.94,-78.83,2.89
4,Quiet,1800,-75.96,-78.85,2.89
4,Quiet,1810,-75.98,-78.88,2.9
4,Quiet,1820,-76,-78.91,2.91
4,Quiet,1830,-76.01,-78.94,2.93
4,Quiet,1840,-76.03,-78.97,2.94
4,Quiet,1850,-76.04,-79.01,2.97
4,Quiet,1860,-76.04,-79.04,3
4,Quiet,1870,-76.04,-79.07,3.03
4,Quiet,1880,-76.04,-79.11,3.07
4,Quiet,1890,-76.04,-79.14,3.1
4,Quiet,1900,-76.04,-79.18,3.14
4,Quiet,1910,-76.04,-79.21,3.17
4,Quiet,1920,-76.03,-79.24,3.21
4,Quiet,1930,-76.03,-79.28,3.25
4,Quiet,1940,-76.02,-79.31,3.29
4,Quiet,1950,-76.02,-79.34,3.32
4,Quiet,1960,-76.01,-79.37,3.36
4,Quiet,1970,-76,-79.4,3.4
4,Quiet,1980,-75.99,-79.43,3.44
4,Quiet,1990,-75.98,-79.46,3.48
5,Loud,0,-19.8,-29.32,9.52
5,Loud,10,-13.88,-23.43,9.55
5,Loud,20,-14.06,-23.67,9.61
5,Loud,30,-14.33,-24.02,9.69
5,Loud,40,-14.69,-24.49,9.8
5,Loud,50,-15.14,-25.08,9.94
5,Loud,60,-15.68,-25.79,10.11
5,Loud,70,-16.3,-26.63,10.33
5,Loud,80,-17.01,-27.59,10.58
5,Loud,90,-17.8,-28.68,10.88
5,Loud,100,-18.66,-29.91,11.25
5,Loud,110,-19.59,-31.27,11.68
5,Loud,120,-20.55,-32.77,12.22
5,Loud,130,-21.53,-34.42,12.89
5,Loud,140,-22.47,-36.22,13.75
5,Loud,150,-23.32,-38.18,14.86
5,Loud,160,-24.02,-40.3,16.28
5,Loud,170,-24.52,-42.58,18.06
5,Loud,180,-24.81,-45.03,20.22
5,Loud,190,-24.91,-47.64,22.73
5,Loud,200,-24.88,-50.39,25.51
5,Loud,210,-24.78,-53.22,28.44
5,Loud,220,-24.66,-56.02,31.36
5,Loud,230,-24.55,-58.62,34.07
5,Loud,240,-24.49,-60.82,36.33
5,Loud,250,-24.47,-62.49,38.02
5,Loud,260,-24.5,-63.68,39.18
5,Loud,270,-24.58,-64.56,39.98
5,Loud,280,-24.7,-65.28,40.58
5,Loud,290,-24.85,-65.93,41.08
5,Loud,300,-25.02,-66.55,41.53
5,Loud,310,-25.2,-67.16,41.96
5,Loud,320,-25.38,-67.77,42.39
5,Loud,330,-25.56,-68.39,42.83
5,Loud,340,-25.74,-69.02,43.28
5,Loud,350,-25.92,-69.66,43.74
5,Loud,360,-26.1,-70.3,44.2
5,Loud,370,-26.31,-70.94,44.63
5,Loud,380,-26.54,-71.57,45.03
5,Loud,390,-26.82,-72.18,45.36
5,Loud,400,-27.16,-72.76,45.6
5,Loud,410,-27.55,-73.28,45.73
5,Loud,420,-28.02,-73.73,45.71
5,Loud,430,-28.56,-74.09,45.53
5,Loud,440,-29.19,-74.34,45.15
5,Loud,450,-29.89,-74.48,44.59
5,Loud,460,-30.69,-74.52,43.83
5,Loud,470,-31.56,-74.47,42.91
5,Loud,480,-32.52,-74.34,41.82
5,Loud,490,-33.56,-74.17,40.61
5,Loud,500,-34.67,-73.98,39.31
5,Loud,510,-35.86,-73.79,37.93
5,Loud,520,-37.09,-73.61,36.52
5,Loud,530,-38.37,-73.47,35.1
5,Loud,540,-39.67,-73.37,33.7
5,Loud,550,-40.96,-73.33,32.37
5,Loud,560,-42.22,-73.34,31.12
5,Loud,570,-43.42,-73.41,29.99
5,Loud,580,-44.54,-73.55,29.01
5,Loud,590,-45.58,-73.75,28.17
5,Loud,600,-46.53,-74.01,27.48
5,Loud,610,-47.4,-74.33,26.93
5,Loud,620,-48.22,-74.72,26.5
5,Loud,630,-48.99,-75.16,26.17
5,Loud,640,-49.73,-75.66,25.93
5,Loud,650,-50.45,-76.2,25.75
5,Loud,660,-51.15,-76.79,25.64
5,Loud,670,-51.82,-77.4,25.58
5,Loud,680,-52.45,-78.05,25.6
5,Loud,690,-53.03,-78.7,25.67
5,Loud,700,-53.57,-79.34,25.77
5,Loud,710,-54.05,-79.96,25.91
5,Loud,720,-54.49,-80.54,26.05
5,Loud,730,-54.87,-81.07,26.2
5,Loud,740,-55.22,-81.52,26.3
5,Loud,750,-55.55,-81.91,26.36
5,Loud,760,-55.85,-82.23,26.38
5,Loud,770,-56.16,-82.48,26.32
5,Loud,780,-56.45,-82.69,26.24
5,Loud,790,-56.75,-82.85,26.1
5,Loud,800,-57.05,-82.99,25.94
5,Loud,810,-57.33,-83.12,25.79
5,Loud,820,-57.6,-83.24,25.64
5,Loud,830,-57.85,-83.36,25.51
5,Loud,840,-58.06,-83.48,25.42
5,Loud,850,-58.22,-83.61,25.39
5,Loud,860,-58.33,-83.75,25.42
5,Loud,870,-58.39,-83.89,25.5
5,Loud,880,-58.4,-84.04,25.64
5,Loud,890,-58.37,-84.18,25.81
5,Loud,900,-58.32,-84.33,26.01
5,Loud,910,-58.25,-84.47,26.22
5,Loud,920,-58.19,-84.61,26.42
5,Loud,930,-58.14,-84.74,26.6
5,Loud,940,-58.13,-84.87,26.74
5,Loud,950,-58.16,-84.99,26.83
5,Loud,960,-58.24,-85.09,26.85
5,Loud,970,-58.37,-85.19,26.82
5,Loud,980,-58.57,-85.29,26.72
5,Loud,990,-58.82,-85.37,26.55
5,Loud,1000,-59.14,-85.45,26.31
5,Loud,1010,-59.52,-85.52,26
5,Loud,1020,-59.94,-85.59,25.65
5,Loud,1030,-60.41,-85.67,25.26
5,Loud,1040,-60.91,-85.74,24.83
5,Loud,1050,-61.41,-85.82,24.41
5,Loud,1060,-61.89,-85.9,24.01
5,Loud,1070,-62.34,-85.99,23.65
5,Loud,1080,-62.71,-86.09,23.38
5,Loud,1090,-62.99,-86.19,23.2
5,Loud,1100,-63.18,-86.29,23.11
5,Loud,1110,-63.27,-86.4,23.13
5,Loud,1120,-63.28,-86.5,23.22
5,Loud,1130,-63.24,-86.61,23.37
5,Loud,1140,-63.17,-86.71,23.54
5,Loud,1150,-63.09,-86.8,23.71
5,Loud,1160,-63.03,-86.89,23.86
5,Loud,1170,-62.99,-86.98,23.99
5,Loud,1180,-62.99,-87.07,24.08
5,Loud,1190,-63.03,-87.15,24.12
5,Loud,1200,-63.12,-87.23,24.11
5,Loud,1210,-63.25,-87.31,24.06
5,Loud,1220,-63.41,-87.4,23.99
5,Loud,1230,-63.61,-87.48,23.87
5,Loud,1240,-63.82,-87.56,23.74
5,Loud,1250,-64.06,-87.65,23.59
5,Loud,1260,-64.29,-87.73,23.44
5,Loud,1270,-64.52,-87.81,23.29
5,Loud,1280,-64.73,-87.89,23.16
5,Loud,1290,-64.9,-87.96,23.06
5,Loud,1300,-65.04,-88.03,22.99
5,Loud,1310,-65.13,-88.1,22.97
5,Loud,1320,-65.18,-88.17,22.99
5,Loud,1330,-65.18,-88.23,23.05
5,Loud,1340,-65.15,-88.28,23.13
5,Loud,1350,-65.09,-88.33,23.24
5,Loud,1360,-65.01,-88.38,23.37
5,Loud,1370,-64.92,-88.42,23.5
5,Loud,1380,-64.84,-88.46,23.62
5,Loud,1390,-64.75,-88.5,23.75
5,Loud,1400,-64.68,-88.53,23.85
5,Loud,1410,-64.63,-88.55,23.92
5,Loud,1420,-64.6,-88.58,23.98
5,Loud,1430,-64.58,-88.6,24.02
5,Loud,1440,-64.59,-88.62,24.03
5,Loud,1450,-64.62,-88.65,24.03
5,Loud,1460,-64.66,-88.68,24.02
5,Loud,1470,-64.7,-88.71,24.01
5,Loud,1480,-64.76,-88.75,23.99
5,Loud,1490,-64.81,-88.8,23.99
5,Loud,1500,-64.85,-88.86,24.01
5,Loud,1510,-64.88,-88.93,24.05
5,Loud,1520,-64.89,-89.01,24.12
5,Loud,1530,-64.87,-89.09,24.22
5,Loud,1540,-64.83,-89.18,24.35
5,Loud,1550,-64.77,-89.27,24.5
5,Loud,1560,-64.68,-89.37,24.69
5,Loud,1570,-64.58,-89.46,24.88
5,Loud,1580,-64.47,-89.55,25.08
5,Loud,1590,-64.36,-89.63,25.27
5,Loud,1600,-64.25,-89.71,25.46
5,Loud,1610,-64.15,-89.78,25.63
5,Loud,1620,-64.08,-89.84,25.76
5,Loud,1630,-64.02,-89.9,25.88
5,Loud,1640,-63.99,-89.95,25.96
5,Loud,1650,-63.99,-89.99,26
5,Loud,1660,-64.02,-90.03,26.01
5,Loud,1670,-64.08,-90.06,25.98
5,Loud,1680,-64.17,-90.09,25.92
5,Loud,1690,-64.29,-90.11,25.82
5,Loud,1700,-64.43,-90.13,25.7
5,Loud,1710,-64.58,-90.15,25.57
5,Loud,1720,-64.75,-90.17,25.42
5,Loud,1730,-64.92,-90.19,25.27
5,Loud,1740,-65.09,-90.22,25.13
5,Loud,1750,-65.24,-90.25,25.01
5,Loud,1760,-65.38,-90.28,24.9
5,Loud,1770,-65.48,-90.31,24.83
5,Loud,1780,-65.54,-90.35,24.81
5,Loud,1790,-65.57,-90.4,24.83
5,Loud,1800,-65.55,-90.44,24.89
5,Loud,1810,-65.51,-90.49,24.98
5,Loud,1820,-65.43,-90.53,25.1
5,Loud,1830,-65.34,-90.58,25.24
5,Loud,1840,-65.23,-90.62,25.39
5,Loud,1850,-65.12,-90.66,25.54
5,Loud,1860,-65.02,-90.7,25.68
5,Loud,1870,-64.93,-90.73,25.8
5,Loud,1880,-64.86,-90.75,25.89
5,Loud,1890,-64.8,-90.77,25.97
5,Loud,1900,-64.78,-90.78,26
5,Loud,1910,-64.77,-90.79,26.02
5,Loud,1920,-64.8,-90.79,25.99
5,Loud,1930,-64.85,-90.8,25.95
5,Loud,1940,-64.93,-90.8,25.87
5,Loud,1950,-65.03,-90.81,25.78
5,Loud,1960,-65.16,-90.82,25.66
5,Loud,1970,-65.3,-90.83,25.53
5,Loud,1980,-65.46,-90.84,25.38
5,Loud,1990,-65.62,-90.85,25.23
5,Quiet,0,-29.87,-29.32,-0.55
5,Quiet,10,-23.98,-23.43,-0.55
5,Quiet,20,-24.21,-23.67,-0.54
5,Quiet,30,-24.57,-24.02,-0.55
5,Quiet,40,-25.05,-24.49,-0.56
5,Quiet,50,-25.64,-25.08,-0.56
5,Quiet,60,-26.37,-25.79,-0.58
5,Quiet,70,-27.21,-26.63,-0.58
5,Quiet,80,-28.19,-27.59,-0.6
5,Quiet,90,-29.29,-28.68,-0.61
5,Quiet,100,-30.54,-29.91,-0.63
5,Quiet,110,-31.92,-31.27,-0.65
5,Quiet,120,-33.44,-32.77,-0.67
5,Quiet,130,-35.11,-34.42,-0.69
5,Quiet,140,-36.94,-36.22,-0.72
5,Quiet,150,-38.93,-38.18,-0.75
5,Quiet,160,-41.08,-40.3,-0.78
5,Quiet,170,-43.4,-42.58,-0.82
5,Quiet,180,-45.88,-45.03,-0.85
5,Quiet,190,-48.51,-47.64,-0.87
5,Quiet,200,-51.24,-50.39,-0.85
5,Quiet,210,-53.98,-53.22,-0.76
5,Quiet,220,-56.57,-56.02,-0.55
5,Quiet,230,-58.76,-58.62,-0.14
5,Quiet,240,-60.39,-60.82,0.43
5,Quiet,250,-61.47,-62.49,1.02
5,Quiet,260,-62.18,-63.68,1.5
5,Quiet,270,-62.7,-64.56,1.86
5,Quiet,280,-63.14,-65.28,2.14
5,Quiet,290,-63.54,-65.93,2.39
5,Quiet,300,-63.94,-66.55,2.61
5,Quiet,310,-64.33,-67.16,2.83
5,Quiet,320,-64.72,-67.77,3.05
5,Quiet,330,-65.1,-68.39,3.29
5,Quiet,340,-65.47,-69.02,3.55
5,Quiet,350,-65.84,-69.66,3.82
5,Quiet,360,-66.2,-70.3,4.1
5,Quiet,370,-66.56,-70.94,4.38
5,Quiet,380,-66.92,-71.57,4.65
5,Quiet,390,-67.3,-72.18,4.88
5,Quiet,400,-67.69,-72.76,5.07
5,Quiet,410,-68.09,-73.28,5.19
5,Quiet,420,-68.52,-73.73,5.21
5,Quiet,430,-68.97,-74.09,5.12
5,Quiet,440,-69.43,-74.34,4.91
5,Quiet,450,-69.9,-74.48,4.58
5,Quiet,460,-70.35,-74.52,4.17
5,Quiet,470,-70.79,-74.47,3.68
5,Quiet,480,-71.18,-74.34,3.16
5,Quiet,490,-71.53,-74.17,2.64
5,Quiet,500,-71.83,-73.98,2.15
5,Quiet,510,-72.08,-73.79,1.71
5,Quiet,520,-72.29,-73.61,1.32
5,Quiet,530,-72.46,-73.47,1.01
5,Quiet,540,-72.62,-73.37,0.75
5,Quiet,550,-72.78,-73.33,0.55
5,Quiet,560,-72.96,-73.34,0.38
5,Quiet,570,-73.17,-73.41,0.24
5,Quiet,580,-73.41,-73.55,0.14
5,Quiet,590,-73.7,-73.75,0.05
5,Quiet,600,-74.03,-74.01,-0.02
5,Quiet,610,-74.41,-74.33,-0.08
5,Quiet,620,-74.83,-74.72,-0.11
5,Quiet,630,-75.3,-75.16,-0.14
5,Quiet,640,-75.8,-75.66,-0.14
5,Quiet,650,-76.33,-76.2,-0.13
5,Quiet,660,-76.88,-76.79,-0.09
5,Quiet,670,-77.44,-77.4,-0.04
5,Quiet,680,-77.99,-78.05,0.06
5,Quiet,690,-78.52,-78.7,0.18
5,Quiet,700,-79.03,-79.34,0.31
5,Quiet,710,-79.5,-79.96,0.46
5,Quiet,720,-79.92,-80.54,0.62
5,Quiet,730,-80.28,-81.07,0.79
5,Quiet,740,-80.6,-81.52,0.92
5,Quiet,750,-80.88,-81.91,1.03
5,Quiet,760,-81.11,-82.23,1.12
5,Quiet,770,-81.31,-82.48,1.17
5,Quiet,780,-81.49,-82.69,1.2
5,Quiet,790,-81.65,-82.85,1.2
5,Quiet,800,-81.8,-82.99,1.19
5,Quiet,810,-81.94,-83.12,1.18
5,Quiet,820,-82.08,-83.24,1.16
5,Quiet,830,-82.21,-83.36,1.15
5,Quiet,840,-82.34,-83.48,1.14
5,Quiet,850,-82.47,-83.61,1.14
5,Quiet,860,-82.59,-83.75,1.16
5,Quiet,870,-82.71,-83.89,1.18
5,Quiet,880,-82.82,-84.04,1.22
5,Quiet,890,-82.92,-84.18,1.26
5,Quiet,900,-83.01,-84.33,1.32
5,Quiet,910,-83.09,-84.47,1.38
5,Quiet,920,-83.16,-84.61,1.45
5,Quiet,930,-83.22,-84.74,1.52
5,Quiet,940,-83.28,-84.87,1.59
5,Quiet,950,-83.33,-84.99,1.66
5,Quiet,960,-83.38,-85.09,1.71
5,Quiet,970,-83.43,-85.19,1.76
5,Quiet,980,-83.47,-85.29,1.82
5,Quiet,990,-83.52,-85.37,1.85
5,Quiet,1000,-83.56,-85.45,1.89
5,Quiet,1010,-83.61,-85.52,1.91
5,Quiet,1020,-83.66,-85.59,1.93
5,Quiet,1030,-83.71,-85.67,1.96
5,Quiet,1040,-83.77,-85.74,1.97
5,Quiet,1050,-83.82,-85.82,2
5,Quiet,1060,-83.86,-85.9,2.04
5,Quiet,1070,-83.91,-85.99,2.08
5,Quiet,1080,-83.95,-86.09,2.14
5,Quiet,1090,-83.99,-86.19,2.2
5,Quiet,1100,-84.02,-86.29,2.27
5,Quiet,1110,-84.04,-86.4,2.36
5,Quiet,1120,-84.06,-86.5,2.44
5,Quiet,1130,-84.06,-86.61,2.55
5,Quiet,1140,-84.05,-86.71,2.66
5,Quiet,1150,-84.03,-86.8,2.77
5,Quiet,1160,-84.01,-86.89,2.88
5,Quiet,1170,-83.98,-86.98,3
5,Quiet,1180,-83.95,-87.07,3.12
5,Quiet,1190,-83.92,-87.15,3.23
5,Quiet,1200,-83.9,-87.23,3.33
5,Quiet,1210,-83.9,-87.31,3.41
5,Quiet,1220,-83.93,-87.4,3.47
5,Quiet,1230,-83.97,-87.48,3.51
5,Quiet,1240,-84.05,-87.56,3.51
5,Quiet,1250,-84.15,-87.65,3.5
5,Quiet,1260,-84.28,-87.73,3.45
5,Quiet,1270,-84.44,-87.81,3.37
5,Quiet,1280,-84.62,-87.89,3.27
5,Quiet,1290,-84.82,-87.96,3.14
5,Quiet,1300,-85.04,-88.03,2.99
5,Quiet,1310,-85.26,-88.1,2.84
5,Quiet,1320,-85.49,-88.17,2.68
5,Quiet,1330,-85.71,-88.23,2.52
5,Quiet,1340,-85.92,-88.28,2.36
5,Quiet,1350,-86.12,-88.33,2.21
5,Quiet,1360,-86.29,-88.38,2.09
5,Quiet,1370,-86.45,-88.42,1.97
5,Quiet,1380,-86.59,-88.46,1.87
5,Quiet,1390,-86.71,-88.5,1.79
5,Quiet,1400,-86.81,-88.53,1.72
5,Quiet,1410,-86.91,-88.55,1.64
5,Quiet,1420,-86.99,-88.58,1.59
5,Quiet,1430,-87.06,-88.6,1.54
5,Quiet,1440,-87.13,-88.62,1.49
5,Quiet,1450,-87.2,-88.65,1.45
5,Quiet,1460,-87.26,-88.68,1.42
5,Quiet,1470,-87.33,-88.71,1.38
5,Quiet,1480,-87.39,-88.75,1.36
5,Quiet,1490,-87.44,-88.8,1.36
5,Quiet,1500,-87.49,-88.86,1.37
5,Quiet,1510,-87.54,-88.93,1.39
5,Quiet,1520,-87.57,-89.01,1.44
5,Quiet,1530,-87.6,-89.09,1.49
5,Quiet,1540,-87.62,-89.18,1.56
5,Quiet,1550,-87.63,-89.27,1.64
5,Quiet,1560,-87.63,-89.37,1.74
5,Quiet,1570,-87.63,-89.46,1.83
5,Quiet,1580,-87.62,-89.55,1.93
5,Quiet,1590,-87.61,-89.63,2.02
5,Quiet,1600,-87.61,-89.71,2.1
5,Quiet,1610,-87.6,-89.78,2.18
5,Quiet,1620,-87.6,-89.84,2.24
5,Quiet,1630,-87.6,-89.9,2.3
5,Quiet,1640,-87.6,-89.95,2.35
5,Quiet,1650,-87.61,-89.99,2.38
5,Quiet,1660,-87.61,-90.03,2.42
5,Quiet,1670,-87.62,-90.06,2.44
5,Quiet,1680,-87.64,-90.09,2.45
5,Quiet,1690,-87.65,-90.11,2.46
5,Quiet,1700,-87.66,-90.13,2.47
5,Quiet,1710,-87.66,-90.15,2.49
5,Quiet,1720,-87.67,-90.17,2.5
5,Quiet,1730,-87.67,-90.19,2.52
5,Quiet,1740,-87.67,-90.22,2.55
5,Quiet,1750,-87.67,-90.25,2.58
5,Quiet,1760,-87.67,-90.28,2.61
5,Quiet,1770,-87.67,-90.31,2.64
5,Quiet,1780,-87.66,-90.35,2.69
5,Quiet,1790,-87.66,-90.4,2.74
5,Quiet,1800,-87.66,-90.44,2.78
5,Quiet,1810,-87.66,-90.49,2.83
5,Quiet,1820,-87.67,-90.53,2.86
5,Quiet,1830,-87.68,-90.58,2.9
5,Quiet,1840,-87.69,-90.62,2.93
5,Quiet,1850,-87.71,-90.66,2.95
5,Quiet,1860,-87.73,-90.7,2.97
5,Quiet,1870,-87.76,-90.73,2.97
5,Quiet,1880,-87.78,-90.75,2.97
5,Quiet,1890,-87.8,-90.77,2.97
5,Quiet,1900,-87.81,-90.78,2.97
5,Quiet,1910,-87.82,-90.79,2.97
5,Quiet,1920,-87.82,-90.79,2.97
5,Quiet,1930,-87.81,-90.8,2.99
5,Quiet,1940,-87.79,-90.8,3.01
5,Quiet,1950,-87.77,-90.81,3.04
5,Quiet,1960,-87.73,-90.82,3.09
5,Quiet,1970,-87.68,-90.83,3.15
5,Quiet,1980,-87.63,-90.84,3.21
5,Quiet,1990,-87.57,-90.85,3.28
6,Loud,0,-21.22,-27.17,5.95
6,Loud,10,-15.31,-21.28,5.97
6,Loud,20,-15.51,-21.51,6
6,Loud,30,-15.81,-21.87,6.06
6,Loud,40,-16.21,-22.34,6.13
6,Loud,50,-16.7,-22.93,6.23
6,Loud,60,-17.3,-23.65,6.35
6,Loud,70,-17.98,-24.49,6.51
6,Loud,80,-18.76,-25.46,6.7
6,Loud,90,-19.61,-26.56,6.95
6,Loud,100,-20.52,-27.79,7.27
6,Loud,110,-21.48,-29.16,7.68
6,Loud,120,-22.43,-30.67,8.24
6,Loud,130,-23.33,-32.32,8.99
6,Loud,140,-24.11,-34.13,10.02
6,Loud,150,-24.71,-36.09,11.38
6,Loud,160,-25.1,-38.21,13.11
6,Loud,170,-25.26,-40.49,15.23
6,Loud,180,-25.25,-42.91,17.66
6,Loud,190,-25.13,-45.47,20.34
6,Loud,200,-24.94,-48.11,23.17
6,Loud,210,-24.74,-50.74,26
6,Loud,220,-24.56,-53.18,28.62
6,Loud,230,-24.42,-55.26,30.84
6,Loud,240,-24.34,-56.84,32.5
6,Loud,250,-24.3,-57.96,33.66
6,Loud,260,-24.33,-58.78,34.45
6,Loud,270,-24.42,-59.45,35.03
6,Loud,280,-24.57,-60.09,35.52
6,Loud,290,-24.78,-60.76,35.98
6,Loud,300,-25.05,-61.47,36.42
6,Loud,310,-25.36,-62.25,36.89
6,Loud,320,-25.72,-63.1,37.38
6,Loud,330,-26.12,-64.01,37.89
6,Loud,340,-26.53,-64.98,38.45
6,Loud,350,-26.93,-65.97,39.04
6,Loud,360,-27.31,-66.98,39.67
6,Loud,370,-27.63,-67.95,40.32
6,Loud,380,-27.85,-68.84,40.99
6,Loud,390,-27.94,-69.62,41.68
6,Loud,400,-27.89,-70.26,42.37
6,Loud,410,-27.71,-70.74,43.03
6,Loud,420,-27.43,-71.08,43.65
6,Loud,430,-27.08,-71.31,44.23
6,Loud,440,-26.69,-71.45,44.76
6,Loud,450,-26.3,-71.52,45.22
6,Loud,460,-25.94,-71.53,45.59
6,Loud,470,-25.62,-71.5,45.88
6,Loud,480,-25.36,-71.43,46.07
6,Loud,490,-25.16,-71.33,46.17
6,Loud,500,-25.04,-71.2,46.16
6,Loud,510,-25,-71.05,46.05
6,Loud,520,-25.03,-70.91,45.88
6,Loud,530,-25.14,-70.78,45.64
6,Loud,540,-25.33,-70.67,45.34
6,Loud,550,-25.6,-70.6,45
6,Loud,560,-25.94,-70.57,44.63
6,Loud,570,-26.36,-70.6,44.24
6,Loud,580,-26.86,-70.7,43.84
6,Loud,590,-27.43,-70.85,43.42
6,Loud,600,-28.06,-71.07,43.01
6,Loud,610,-28.77,-71.36,42.59
6,Loud,620,-29.54,-71.71,42.17
6,Loud,630,-30.38,-72.12,41.74
6,Loud,640,-31.28,-72.57,41.29
6,Loud,650,-32.23,-73.07,40.84
6,Loud,660,-33.24,-73.6,40.36
6,Loud,670,-34.29,-74.14,39.85
6,Loud,680,-35.39,-74.67,39.28
6,Loud,690,-36.53,-75.19,38.66
6,Loud,700,-37.7,-75.66,37.96
6,Loud,710,-38.88,-76.09,37.21
6,Loud,720,-40.09,-76.46,36.37
6,Loud,730,-41.29,-76.78,35.49
6,Loud,740,-42.49,-77.05,34.56
6,Loud,750,-43.67,-77.27,33.6
6,Loud,760,-44.84,-77.47,32.63
6,Loud,770,-45.97,-77.65,31.68
6,Loud,780,-47.08,-77.82,30.74
6,Loud,790,-48.15,-77.99,29.84
6,Loud,800,-49.18,-78.16,28.98
6,Loud,810,-50.17,-78.33,28.16
6,Loud,820,-51.12,-78.51,27.39
6,Loud,830,-52,-78.68,26.68
6,Loud,840,-52.81,-78.85,26.04
6,Loud,850,-53.54,-79.01,25.47
6,Loud,860,-54.17,-79.17,25
6,Loud,870,-54.7,-79.31,24.61
6,Loud,880,-55.11,-79.45,24.34
6,Loud,890,-55.4,-79.57,24.17
6,Loud,900,-55.58,-79.68,24.1
6,Loud,910,-55.66,-79.78,24.12
6,Loud,920,-55.67,-79.86,24.19
6,Loud,930,-55.62,-79.94,24.32
6,Loud,940,-55.54,-80.02,24.48
6,Loud,950,-55.44,-80.09,24.65
6,Loud,960,-55.34,-80.16,24.82
6,Loud,970,-55.25,-80.22,24.97
6,Loud,980,-55.19,-80.29,25.1
6,Loud,990,-55.17,-80.35,25.18
6,Loud,1000,-55.18,-80.42,25.24
6,Loud,1010,-55.24,-80.49,25.25
6,Loud,1020,-55.34,-80.55,25.21
6,Loud,1030,-55.49,-80.62,25.13
6,Loud,1040,-55.7,-80.68,24.98
6,Loud,1050,-55.95,-80.75,24.8
6,Loud,1060,-56.26,-80.81,24.55
6,Loud,1070,-56.61,-80.86,24.25
6,Loud,1080,-57.02,-80.92,23.9
6,Loud,1090,-57.46,-80.98,23.52
6,Loud,1100,-57.96,-81.04,23.08
6,Loud,1110,-58.49,-81.1,22.61
6,Loud,1120,-59.05,-81.16,22.11
6,Loud,1130,-59.64,-81.22,21.58
6,Loud,1140,-60.25,-81.29,21.04
6,Loud,1150,-60.87,-81.36,20.49
6,Loud,1160,-61.49,-81.43,19.94
6,Loud,1170,-62.12,-81.49,19.37
6,Loud,1180,-62.73,-81.56,18.83
6,Loud,1190,-63.33,-81.62,18.29
6,Loud,1200,-63.92,-81.68,17.76
6,Loud,1210,-64.51,-81.73,17.22
6,Loud,1220,-65.08,-81.77,16.69
6,Loud,1230,-65.65,-81.81,16.16
6,Loud,1240,-66.22,-81.85,15.63
6,Loud,1250,-66.8,-81.88,15.08
6,Loud,1260,-67.38,-81.91,14.53
6,Loud,1270,-67.96,-81.94,13.98
6,Loud,1280,-68.54,-81.97,13.43
6,Loud,1290,-69.1,-82,12.9
6,Loud,1300,-69.65,-82.04,12.39
6,Loud,1310,-70.15,-82.07,11.92
6,Loud,1320,-70.62,-82.11,11.49
6,Loud,1330,-71.02,-82.15,11.13
6,Loud,1340,-71.36,-82.19,10.83
6,Loud,1350,-71.64,-82.23,10.59
6,Loud,1360,-71.86,-82.27,10.41
6,Loud,1370,-72.03,-82.31,10.28
6,Loud,1380,-72.15,-82.35,10.2
6,Loud,1390,-72.24,-82.39,10.15
6,Loud,1400,-72.3,-82.43,10.13
6,Loud,1410,-72.35,-82.47,10.12
6,Loud,1420,-72.4,-82.51,10.11
6,Loud,1430,-72.45,-82.56,10.11
6,Loud,1440,-72.51,-82.6,10.09
6,Loud,1450,-72.59,-82.64,10.05
6,Loud,1460,-72.7,-82.67,9.97
6,Loud,1470,-72.83,-82.71,9.88
6,Loud,1480,-72.99,-82.75,9.76
6,Loud,1490,-73.19,-82.78,9.59
6,Loud,1500,-73.42,-82.81,9.39
6,Loud,1510,-73.67,-82.84,9.17
6,Loud,1520,-73.95,-82.86,8.91
6,Loud,1530,-74.26,-82.88,8.62
6,Loud,1540,-74.57,-82.9,8.33
6,Loud,1550,-74.9,-82.91,8.01
6,Loud,1560,-75.21,-82.92,7.71
6,Loud,1570,-75.52,-82.93,7.41
6,Loud,1580,-75.8,-82.93,7.13
6,Loud,1590,-76.05,-82.94,6.89
6,Loud,1600,-76.26,-82.94,6.68
6,Loud,1610,-76.44,-82.95,6.51
6,Loud,1620,-76.58,-82.95,6.37
6,Loud,1630,-76.69,-82.96,6.27
6,Loud,1640,-76.76,-82.96,6.2
6,Loud,1650,-76.81,-82.96,6.15
6,Loud,1660,-76.84,-82.96,6.12
6,Loud,1670,-76.86,-82.95,6.09
6,Loud,1680,-76.88,-82.95,6.07
6,Loud,1690,-76.89,-82.94,6.05
6,Loud,1700,-76.92,-82.92,6
6,Loud,1710,-76.95,-82.91,5.96
6,Loud,1720,-77,-82.89,5.89
6,Loud,1730,-77.07,-82.88,5.81
6,Loud,1740,-77.16,-82.86,5.7
6,Loud,1750,-77.28,-82.84,5.56
6,Loud,1760,-77.41,-82.82,5.41
6,Loud,1770,-77.56,-82.8,5.24
6,Loud,1780,-77.73,-82.78,5.05
6,Loud,1790,-77.92,-82.76,4.84
6,Loud,1800,-78.11,-82.74,4.63
6,Loud,1810,-78.31,-82.72,4.41
6,Loud,1820,-78.52,-82.7,4.18
6,Loud,1830,-78.72,-82.68,3.96
6,Loud,1840,-78.93,-82.67,3.74
6,Loud,1850,-79.13,-82.65,3.52
6,Loud,1860,-79.32,-82.64,3.32
6,Loud,1870,-79.5,-82.62,3.12
6,Loud,1880,-79.68,-82.61,2.93
6,Loud,1890,-79.86,-82.61,2.75
6,Loud,1900,-80.03,-82.6,2.57
6,Loud,1910,-80.2,-82.6,2.4
6,Loud,1920,-80.37,-82.6,2.23
6,Loud,1930,-80.53,-82.61,2.08
6,Loud,1940,-80.69,-82.62,1.93
6,Loud,1950,-80.86,-82.63,1.77
6,Loud,1960,-81.01,-82.64,1.63
6,Loud,1970,-81.17,-82.66,1.49
6,Loud,1980,-81.32,-82.67,1.35
6,Loud,1990,-81.47,-82.68,1.21
6,Quiet,0,-25.76,-27.17,1.41
6,Quiet,10,-19.87,-21.28,1.41
6,Quiet,20,-20.11,-21.51,1.4
6,Quiet,30,-20.46,-21.87,1.41
6,Quiet,40,-20.93,-22.34,1.41
6,Quiet,50,-21.53,-22.93,1.4
6,Quiet,60,-22.24,-23.65,1.41
6,Quiet,70,-23.08,-24.49,1.41
6,Quiet,80,-24.05,-25.46,1.41
6,Quiet,90,-25.15,-26.56,1.41
6,Quiet,100,-26.38,-27.79,1.41
6,Quiet,110,-27.74,-29.16,1.42
6,Quiet,120,-29.25,-30.67,1.42
6,Quiet,130,-30.91,-32.32,1.41
6,Quiet,140,-32.72,-34.13,1.41
6,Quiet,150,-34.69,-36.09,1.4
6,Quiet,160,-36.82,-38.21,1.39
6,Quiet,170,-39.11,-40.49,1.38
6,Quiet,180,-41.57,-42.91,1.34
6,Quiet,190,-44.19,-45.47,1.28
6,Quiet,200,-46.94,-48.11,1.17
6,Quiet,210,-49.74,-50.74,1
6,Quiet,220,-52.46,-53.18,0.72
6,Quiet,230,-54.89,-55.26,0.37
6,Quiet,240,-56.82,-56.84,0.02
6,Quiet,250,-58.19,-57.96,-0.23
6,Quiet,260,-59.12,-58.78,-0.34
6,Quiet,270,-59.81,-59.45,-0.36
6,Quiet,280,-60.41,-60.09,-0.32
6,Quiet,290,-61.01,-60.76,-0.25
6,Quiet,300,-61.62,-61.47,-0.15
6,Quiet,310,-62.28,-62.25,-0.03
6,Quiet,320,-62.98,-63.1,0.12
6,Quiet,330,-63.72,-64.01,0.29
6,Quiet,340,-64.47,-64.98,0.51
6,Quiet,350,-65.22,-65.97,0.75
6,Quiet,360,-65.94,-66.98,1.04
6,Quiet,370,-66.6,-67.95,1.35
6,Quiet,380,-67.16,-68.84,1.68
6,Quiet,390,-67.6,-69.62,2.02
6,Quiet,400,-67.9,-70.26,2.36
6,Quiet,410,-68.07,-70.74,2.67
6,Quiet,420,-68.12,-71.08,2.96
6,Quiet,430,-68.09,-71.31,3.22
6,Quiet,440,-67.99,-71.45,3.46
6,Quiet,450,-67.85,-71.52,3.67
6,Quiet,460,-67.7,-71.53,3.83
6,Quiet,470,-67.54,-71.5,3.96
6,Quiet,480,-67.4,-71.43,4.03
6,Quiet,490,-67.27,-71.33,4.06
6,Quiet,500,-67.17,-71.2,4.03
6,Quiet,510,-67.1,-71.05,3.95
6,Quiet,520,-67.07,-70.91,3.84
6,Quiet,530,-67.08,-70.78,3.7
6,Quiet,540,-67.13,-70.67,3.54
6,Quiet,550,-67.23,-70.6,3.37
6,Quiet,560,-67.37,-70.57,3.2
6,Quiet,570,-67.56,-70.6,3.04
6,Quiet,580,-67.79,-70.7,2.91
6,Quiet,590,-68.08,-70.85,2.77
6,Quiet,600,-68.41,-71.07,2.66
6,Quiet,610,-68.79,-71.36,2.57
6,Quiet,620,-69.21,-71.71,2.5
6,Quiet,630,-69.67,-72.12,2.45
6,Quiet,640,-70.16,-72.57,2.41
6,Quiet,650,-70.68,-73.07,2.39
6,Quiet,660,-71.21,-73.6,2.39
6,Quiet,670,-71.74,-74.14,2.4
6,Quiet,680,-72.26,-74.67,2.41
6,Quiet,690,-72.76,-75.19,2.43
6,Quiet,700,-73.22,-75.66,2.44
6,Quiet,710,-73.63,-76.09,2.46
6,Quiet,720,-74,-76.46,2.46
6,Quiet,730,-74.31,-76.78,2.47
6,Quiet,740,-74.57,-77.05,2.48
6,Quiet,750,-74.79,-77.27,2.48
6,Quiet,760,-74.97,-77.47,2.5
6,Quiet,770,-75.12,-77.65,2.53
6,Quiet,780,-75.25,-77.82,2.57
6,Quiet,790,-75.36,-77.99,2.63
6,Quiet,800,-75.46,-78.16,2.7
6,Quiet,810,-75.54,-78.33,2.79
6,Quiet,820,-75.61,-78.51,2.9
6,Quiet,830,-75.67,-78.68,3.01
6,Quiet,840,-75.72,-78.85,3.13
6,Quiet,850,-75.76,-79.01,3.25
6,Quiet,860,-75.79,-79.17,3.38
6,Quiet,870,-75.81,-79.31,3.5
6,Quiet,880,-75.83,-79.45,3.62
6,Quiet,890,-75.84,-79.57,3.73
6,Quiet,900,-75.86,-79.68,3.82
6,Quiet,910,-75.87,-79.78,3.91
6,Quiet,920,-75.88,-79.86,3.98
6,Quiet,930,-75.9,-79.94,4.04
6,Quiet,940,-75.91,-80.02,4.11
6,Quiet,950,-75.94,-80.09,4.15
6,Quiet,960,-75.97,-80.16,4.19
6,Quiet,970,-76,-80.22,4.22
6,Quiet,980,-76.04,-80.29,4.25
6,Quiet,990,-76.09,-80.35,4.26
6,Quiet,1000,-76.15,-80.42,4.27
6,Quiet,1010,-76.21,-80.49,4.28
6,Quiet,1020,-76.28,-80.55,4.27
6,Quiet,1030,-76.35,-80.62,4.27
6,Quiet,1040,-76.42,-80.68,4.26
6,Quiet,1050,-76.49,-80.75,4.26
6,Quiet,1060,-76.55,-80.81,4.26
6,Quiet,1070,-76.61,-80.86,4.25
6,Quiet,1080,-76.67,-80.92,4.25
6,Quiet,1090,-76.72,-80.98,4.26
6,Quiet,1100,-76.77,-81.04,4.27
6,Quiet,1110,-76.82,-81.1,4.28
6,Quiet,1120,-76.87,-81.16,4.29
6,Quiet,1130,-76.93,-81.22,4.29
6,Quiet,1140,-76.98,-81.29,4.31
6,Quiet,1150,-77.05,-81.36,4.31
6,Quiet,1160,-77.11,-81.43,4.32
6,Quiet,1170,-77.18,-81.49,4.31
6,Quiet,1180,-77.25,-81.56,4.31
6,Quiet,1190,-77.31,-81.62,4.31
6,Quiet,1200,-77.37,-81.68,4.31
6,Quiet,1210,-77.41,-81.73,4.32
6,Quiet,1220,-77.45,-81.77,4.32
6,Quiet,1230,-77.48,-81.81,4.33
6,Quiet,1240,-77.5,-81.85,4.35
6,Quiet,1250,-77.52,-81.88,4.36
6,Quiet,1260,-77.53,-81.91,4.38
6,Quiet,1270,-77.54,-81.94,4.4
6,Quiet,1280,-77.55,-81.97,4.42
6,Quiet,1290,-77.56,-82,4.44
6,Quiet,1300,-77.58,-82.04,4.46
6,Quiet,1310,-77.6,-82.07,4.47
6,Quiet,1320,-77.62,-82.11,4.49
6,Quiet,1330,-77.63,-82.15,4.52
6,Quiet,1340,-77.65,-82.19,4.54
6,Quiet,1350,-77.66,-82.23,4.57
6,Quiet,1360,-77.67,-82.27,4.6
6,Quiet,1370,-77.67,-82.31,4.64
6,Quiet,1380,-77.67,-82.35,4.68
6,Quiet,1390,-77.66,-82.39,4.73
6,Quiet,1400,-77.64,-82.43,4.79
6,Quiet,1410,-77.62,-82.47,4.85
6,Quiet,1420,-77.6,-82.51,4.91
6,Quiet,1430,-77.58,-82.56,4.98
6,Quiet,1440,-77.56,-82.6,5.04
6,Quiet,1450,-77.54,-82.64,5.1
6,Quiet,1460,-77.53,-82.67,5.14
6,Quiet,1470,-77.52,-82.71,5.19
6,Quiet,1480,-77.52,-82.75,5.23
6,Quiet,1490,-77.53,-82.78,5.25
6,Quiet,1500,-77.53,-82.81,5.28
6,Quiet,1510,-77.54,-82.84,5.3
6,Quiet,1520,-77.55,-82.86,5.31
6,Quiet,1530,-77.55,-82.88,5.33
6,Quiet,1540,-77.56,-82.9,5.34
6,Quiet,1550,-77.55,-82.91,5.36
6,Quiet,1560,-77.54,-82.92,5.38
6,Quiet,1570,-77.52,-82.93,5.41
6,Quiet,1580,-77.5,-82.93,5.43
6,Quiet,1590,-77.46,-82.94,5.48
6,Quiet,1600,-77.43,-82.94,5.51
6,Quiet,1610,-77.38,-82.95,5.57
6,Quiet,1620,-77.33,-82.95,5.62
6,Quiet,1630,-77.28,-82.96,5.68
6,Quiet,1640,-77.22,-82.96,5.74
6,Quiet,1650,-77.15,-82.96,5.81
6,Quiet,1660,-77.07,-82.96,5.89
6,Quiet,1670,-76.99,-82.95,5.96
6,Quiet,1680,-76.9,-82.95,6.05
6,Quiet,1690,-76.8,-82.94,6.14
6,Quiet,1700,-76.69,-82.92,6.23
6,Quiet,1710,-76.58,-82.91,6.33
6,Quiet,1720,-76.47,-82.89,6.42
6,Quiet,1730,-76.37,-82.88,6.51
6,Quiet,1740,-76.27,-82.86,6.59
6,Quiet,1750,-76.18,-82.84,6.66
6,Quiet,1760,-76.1,-82.82,6.72
6,Quiet,1770,-76.03,-82.8,6.77
6,Quiet,1780,-75.97,-82.78,6.81
6,Quiet,1790,-75.92,-82.76,6.84
6,Quiet,1800,-75.88,-82.74,6.86
6,Quiet,1810,-75.83,-82.72,6.89
6,Quiet,1820,-75.79,-82.7,6.91
6,Quiet,1830,-75.74,-82.68,6.94
6,Quiet,1840,-75.69,-82.67,6.98
6,Quiet,1850,-75.63,-82.65,7.02
6,Quiet,1860,-75.56,-82.64,7.08
6,Quiet,1870,-75.49,-82.62,7.13
6,Quiet,1880,-75.41,-82.61,7.2
6,Quiet,1890,-75.33,-82.61,7.28
6,Quiet,1900,-75.26,-82.6,7.34
6,Quiet,1910,-75.2,-82.6,7.4
6,Quiet,1920,-75.15,-82.6,7.45
6,Quiet,1930,-75.11,-82.61,7.5
6,Quiet,1940,-75.08,-82.62,7.54
6,Quiet,1950,-75.08,-82.63,7.55
6,Quiet,1960,-75.08,-82.64,7.56
6,Quiet,1970,-75.1,-82.66,7.56
6,Quiet,1980,-75.14,-82.67,7.53
6,Quiet,1990,-75.18,-82.68,7.5